relationship-id,relationship-type,person-1-id,person-2-id,parent-lineage,parent-type,partner-type,relationship-order,date-start-value,date-start-descriptor,date-end-value,date-end-descriptor,end-reason,place-id,notes,source-last-modified-date,source-last-modified-by
R001,partner,P001,P608,,,marriage,1,1972-05-06,day,,,,,,2026-08-26,McFamily
RL0001,parent-child,P013,P001,lineal,biological,,1,,,,,,,,2026-08-26,McFamily
RN0001,parent-child,P618,P001,non-lineal,biological,,1,,,,,,,,2026-08-26,McFamily
R002,partner,P002,P609,,,marriage,1,1984-01-20,day,,,,,,2026-08-26,McFamily
RL0002,parent-child,P005,P002,lineal,biological,,2,,,,,,,,2026-08-26,McFamily
RN0002,parent-child,P612,P002,non-lineal,biological,,2,,,,,,,,2026-08-26,McFamily
R003,partner,P003,P610,,,marriage,1,1941-09-06,day,,UNKNOWN,death,,,2026-08-26,McFamily
RL0003,parent-child,P033,P003,lineal,biological,,3,,,,,,,,2026-08-26,McFamily
RN0003,parent-child,P639,P003,non-lineal,biological,,3,,,,,,,,2026-08-26,McFamily
R004,partner,P004,P611,,,marriage,1,1972-12-02,day,,,,,,2026-08-26,McFamily
RL0004,parent-child,P005,P004,lineal,biological,,4,,,,,,,,2026-08-26,McFamily
RN0004,parent-child,P612,P004,non-lineal,biological,,4,,,,,,,,2026-08-26,McFamily
R005,partner,P005,P612,,,marriage,1,1949-08-06,day,,UNKNOWN,death,,,2026-08-26,McFamily
RL0005,parent-child,P033,P005,lineal,biological,,5,,,,,,,,2026-08-26,McFamily
RN0005,parent-child,P639,P005,non-lineal,biological,,5,,,,,,,,2026-08-26,McFamily
R006,partner,P006,P613,,,marriage,1,1977-12-22,day,,,,,,2026-08-26,McFamily
RL0006,parent-child,P005,P006,lineal,biological,,6,,,,,,,,2026-08-26,McFamily
RN0006,parent-child,P612,P006,non-lineal,biological,,6,,,,,,,,2026-08-26,McFamily
R007,partner,P007,P614,,,marriage,1,1986-10-04,day,,,,,,2026-08-26,McFamily
RL0007,parent-child,P019,P007,lineal,biological,,7,,,,,,,,2026-08-26,McFamily
RN0007,parent-child,P625,P007,non-lineal,biological,,7,,,,,,,,2026-08-26,McFamily
RL0008,parent-child,P019,P008,lineal,biological,,8,,,,,,,,2026-08-26,McFamily
RN0008,parent-child,P625,P008,non-lineal,biological,,8,,,,,,,,2026-08-26,McFamily
R008,partner,P009,P615,,,marriage,1,1977-10-15,day,,,,,,2026-08-26,McFamily
RL0009,parent-child,P005,P009,lineal,biological,,9,,,,,,,,2026-08-26,McFamily
RN0009,parent-child,P612,P009,non-lineal,biological,,9,,,,,,,,2026-08-26,McFamily
R009,partner,P010,P616,,,marriage,1,1986-09-27,day,,,,,,2026-08-26,McFamily
RL0010,parent-child,P005,P010,lineal,biological,,10,,,,,,,,2026-08-26,McFamily
RN0010,parent-child,P612,P010,non-lineal,biological,,10,,,,,,,,2026-08-26,McFamily
RL0011,parent-child,P003,P011,lineal,biological,,11,,,,,,,,2026-08-26,McFamily
RN0011,parent-child,P610,P011,non-lineal,biological,,11,,,,,,,,2026-08-26,McFamily
R306,partner,P012,P913,,,marriage,1,,,,UNKNOWN,UNKNOWN,,,2026-08-26,McFamily
R010,partner,P012,P617,,,marriage,2,1997-09-06,day,,UNKNOWN,UNKNOWN,,,2026-08-26,McFamily
RL0012,parent-child,P004,P012,lineal,biological,,12,,,,,,,,2026-08-26,McFamily
RN0012,parent-child,P611,P012,non-lineal,biological,,12,,,,,,,,2026-08-26,McFamily
R011,partner,P013,P618,,,marriage,1,1948-01-17,day,,UNKNOWN,death,,,2026-08-26,McFamily
RL0013,parent-child,P033,P013,lineal,biological,,13,,,,,,,,2026-08-26,McFamily
RN0013,parent-child,P639,P013,non-lineal,biological,,13,,,,,,,,2026-08-26,McFamily
R013,partner,P014,P620,,,marriage,1,1969-01-22,day,,UNKNOWN,divorce,,,2026-08-26,McFamily
R012,partner,P014,P619,,,marriage,2,1981-08-15,day,,,,,,2026-08-26,McFamily
RL0014,parent-child,P013,P014,lineal,biological,,14,,,,,,,,2026-08-26,McFamily
RN0014,parent-child,P618,P014,non-lineal,biological,,14,,,,,,,,2026-08-26,McFamily
R014,partner,P015,P621,,,marriage,1,1994-02-19,day,,UNKNOWN,UNKNOWN,,,2026-08-26,McFamily
RL0015,parent-child,P014,P015,lineal,biological,,15,,,,,,,,2026-08-26,McFamily
RN0015,parent-child,P620,P015,non-lineal,biological,,15,,,,,,,,2026-08-26,McFamily
R015,partner,P016,P622,,,marriage,1,1993-09-11,day,,UNKNOWN,UNKNOWN,,,2026-08-26,McFamily
RL0016,parent-child,P014,P016,lineal,biological,,16,,,,,,,,2026-08-26,McFamily
RN0016,parent-child,P620,P016,non-lineal,biological,,16,,,,,,,,2026-08-26,McFamily
R016,partner,P017,P623,,,marriage,1,,,,,,,,2026-08-26,McFamily
RL0017,parent-child,P013,P017,lineal,biological,,17,,,,,,,,2026-08-26,McFamily
RN0017,parent-child,P618,P017,non-lineal,biological,,17,,,,,,,,2026-08-26,McFamily
R017,partner,P018,P624,,,marriage,1,1977-05-07,day,,,,,,2026-08-26,McFamily
RL0018,parent-child,P013,P018,lineal,biological,,18,,,,,,,,2026-08-26,McFamily
RN0018,parent-child,P618,P018,non-lineal,biological,,18,,,,,,,,2026-08-26,McFamily
R018,partner,P019,P625,,,marriage,1,1957-11-16,day,,UNKNOWN,death,,,2026-08-26,McFamily
RL0019,parent-child,P033,P019,lineal,biological,,19,,,,,,,,2026-08-26,McFamily
RN0019,parent-child,P639,P019,non-lineal,biological,,19,,,,,,,,2026-08-26,McFamily
R019,partner,P020,P626,,,marriage,1,1990-03-10,day,,,,,,2026-08-26,McFamily
RL0020,parent-child,P019,P020,lineal,biological,,20,,,,,,,,2026-08-26,McFamily
RN0020,parent-child,P625,P020,non-lineal,biological,,20,,,,,,,,2026-08-26,McFamily
R020,partner,P021,P627,,,marriage,1,1993-07-24,day,,UNKNOWN,death,,,2026-08-26,McFamily
RL0021,parent-child,P019,P021,lineal,biological,,21,,,,,,,,2026-08-26,McFamily
RN0021,parent-child,P625,P021,non-lineal,biological,,21,,,,,,,,2026-08-26,McFamily
R021,partner,P022,P628,,,marriage,1,1967-11-18,day,,,,,,2026-08-26,McFamily
RL0022,parent-child,P033,P022,lineal,biological,,22,,,,,,,,2026-08-26,McFamily
RN0022,parent-child,P639,P022,non-lineal,biological,,22,,,,,,,,2026-08-26,McFamily
R022,partner,P023,P629,,,marriage,1,2001-05-19,day,,,,,,2026-08-26,McFamily
RL0023,parent-child,P022,P023,lineal,biological,,23,,,,,,,,2026-08-26,McFamily
RN0023,parent-child,P628,P023,non-lineal,biological,,23,,,,,,,,2026-08-26,McFamily
RL0024,parent-child,P022,P024,lineal,biological,,24,,,,,,,,2026-08-26,McFamily
RN0024,parent-child,P628,P024,non-lineal,biological,,24,,,,,,,,2026-08-26,McFamily
R024,partner,P025,P631,,,marriage,1,,,,UNKNOWN,UNKNOWN,,,2026-08-26,McFamily
R023,partner,P025,P630,,,marriage,2,,,,UNKNOWN,death,,,2026-08-26,McFamily
RL0025,parent-child,P033,P025,lineal,biological,,25,,,,,,,,2026-08-26,McFamily
RN0025,parent-child,P639,P025,non-lineal,biological,,25,,,,,,,,2026-08-26,McFamily
R025,partner,P026,P632,,,marriage,1,1961,year,,UNKNOWN,UNKNOWN,,,2026-08-26,McFamily
R026,partner,P026,P633,,,marriage,2,,,,UNKNOWN,UNKNOWN,,,2026-08-26,McFamily
RL0026,parent-child,P025,P026,lineal,biological,,26,,,,,,,,2026-08-26,McFamily
R027,partner,P027,P634,,,marriage,1,1991-09-21,day,,,,,,2026-08-26,McFamily
RL0027,parent-child,P026,P027,lineal,biological,,27,,,,,,,,2026-08-26,McFamily
RN0027,parent-child,P632,P027,non-lineal,biological,,27,,,,,,,,2026-08-26,McFamily
R029,partner,P028,P636,,,marriage,1,1987-05-01,day,,UNKNOWN,UNKNOWN,,,2026-08-26,McFamily
R028,partner,P028,P635,,,marriage,2,2001-07-20,day,,,,,,2026-08-26,McFamily
RL0028,parent-child,P026,P028,lineal,biological,,28,,,,,,,,2026-08-26,McFamily
RN0028,parent-child,P632,P028,non-lineal,biological,,28,,,,,,,,2026-08-26,McFamily
RL0029,parent-child,P026,P029,lineal,biological,,29,,,,,,,,2026-08-26,McFamily
RN0029,parent-child,P633,P029,non-lineal,biological,,29,,,,,,,,2026-08-26,McFamily
RL0030,parent-child,P026,P030,lineal,biological,,30,,,,,,,,2026-08-26,McFamily
RN0030,parent-child,P633,P030,non-lineal,biological,,30,,,,,,,,2026-08-26,McFamily
R030,partner,P031,P637,,,marriage,1,,,,,,,,2026-08-26,McFamily
RL0031,parent-child,P025,P031,lineal,biological,,31,,,,,,,,2026-08-26,McFamily
R031,partner,P032,P638,,,marriage,1,1987-09-25,day,,UNKNOWN,death,,,2026-08-26,McFamily
RL0032,parent-child,P025,P032,lineal,biological,,32,,,,,,,,2026-08-26,McFamily
R032,partner,P033,P639,,,marriage,1,1912-11-27,day,,UNKNOWN,death,,,2026-08-26,McFamily
RL0033,parent-child,P227,P033,lineal,biological,,33,,,,,,,,2026-08-26,McFamily
RN0033,parent-child,P839,P033,non-lineal,biological,,33,,,,,,,,2026-08-26,McFamily
R033,partner,P034,P640,,,marriage,1,1909-06-10,day,,UNKNOWN,death,,,2026-08-26,McFamily
RL0034,parent-child,P227,P034,lineal,biological,,34,,,,,,,,2026-08-26,McFamily
RN0034,parent-child,P839,P034,non-lineal,biological,,34,,,,,,,,2026-08-26,McFamily
R034,partner,P035,P641,,,marriage,1,,,,UNKNOWN,death,,,2026-08-26,McFamily
RL0035,parent-child,P227,P035,lineal,biological,,35,,,,,,,,2026-08-26,McFamily
RN0035,parent-child,P839,P035,non-lineal,biological,,35,,,,,,,,2026-08-26,McFamily
R035,partner,P036,P642,,,marriage,1,1908-12-31,day,,UNKNOWN,death,,,2026-08-26,McFamily
RL0036,parent-child,P227,P036,lineal,biological,,36,,,,,,,,2026-08-26,McFamily
RN0036,parent-child,P839,P036,non-lineal,biological,,36,,,,,,,,2026-08-26,McFamily
R036,partner,P037,P643,,,marriage,1,1919-08-20,day,,UNKNOWN,death,,,2026-08-26,McFamily
RL0037,parent-child,P227,P037,lineal,biological,,37,,,,,,,,2026-08-26,McFamily
RN0037,parent-child,P839,P037,non-lineal,biological,,37,,,,,,,,2026-08-26,McFamily
R037,partner,P038,P644,,,marriage,1,1920-06-24,day,,UNKNOWN,death,,,2026-08-26,McFamily
RL0038,parent-child,P227,P038,lineal,biological,,38,,,,,,,,2026-08-26,McFamily
RN0038,parent-child,P839,P038,non-lineal,biological,,38,,,,,,,,2026-08-26,McFamily
R038,partner,P039,P645,,,marriage,1,1936-10-24,day,,UNKNOWN,death,,,2026-08-26,McFamily
RL0039,parent-child,P034,P039,lineal,biological,,39,,,,,,,,2026-08-26,McFamily
RN0039,parent-child,P640,P039,non-lineal,biological,,39,,,,,,,,2026-08-26,McFamily
R040,partner,P040,P647,,,marriage,1,1960-06-??,partial,,UNKNOWN,UNKNOWN,,,2026-08-26,McFamily
R039,partner,P040,P646,,,marriage,2,1973-05-01,day,,,,,,2026-08-26,McFamily
RL0040,parent-child,P039,P040,lineal,biological,,40,,,,,,,,2026-08-26,McFamily
R041,partner,P041,P648,,,marriage,1,2003-06-30,day,,,,,,2026-08-26,McFamily
RL0041,parent-child,P039,P041,lineal,biological,,41,,,,,,,,2026-08-26,McFamily
R043,partner,P042,P650,,,marriage,1,,,,UNKNOWN,UNKNOWN,,,2026-08-26,McFamily
R042,partner,P042,P649,,,marriage,2,1999-06-11,day,,,,,,2026-08-26,McFamily
RL0042,parent-child,P040,P042,lineal,biological,,42,,,,,,,,2026-08-26,McFamily
RN0042,parent-child,P647,P042,non-lineal,biological,,42,,,,,,,,2026-08-26,McFamily
R044,partner,P043,P651,,,marriage,1,1990-02-03,day,,,,,,2026-08-26,McFamily
RL0043,parent-child,P040,P043,lineal,biological,,43,,,,,,,,2026-08-26,McFamily
RN0043,parent-child,P647,P043,non-lineal,biological,,43,,,,,,,,2026-08-26,McFamily
R045,partner,P044,P652,,,marriage,1,1768,year,,UNKNOWN,death,,,2026-08-26,McFamily
R046,partner,P045,P653,,,marriage,1,1947-12-14,day,,UNKNOWN,death,,,2026-08-26,McFamily
RL0045,parent-child,P037,P045,lineal,biological,,45,,,,,,,,2026-08-26,McFamily
RN0045,parent-child,P643,P045,non-lineal,biological,,45,,,,,,,,2026-08-26,McFamily
R047,partner,P046,P654,,,marriage,1,1993-01-04,day,,UNKNOWN,UNKNOWN,,,2026-08-26,McFamily
RL0046,parent-child,P045,P046,lineal,biological,,46,,,,,,,,2026-08-26,McFamily
RN0046,parent-child,P653,P046,non-lineal,biological,,46,,,,,,,,2026-08-26,McFamily
R048,partner,P047,P655,,,marriage,1,1974-08-10,day,,,,,,2026-08-26,McFamily
RL0047,parent-child,P045,P047,lineal,biological,,47,,,,,,,,2026-08-26,McFamily
RN0047,parent-child,P653,P047,non-lineal,biological,,47,,,,,,,,2026-08-26,McFamily
R049,partner,P048,P656,,,marriage,1,1932-04-30,day,,UNKNOWN,death,,,2026-08-26,McFamily
RL0048,parent-child,P036,P048,lineal,biological,,48,,,,,,,,2026-08-26,McFamily
RN0048,parent-child,P642,P048,non-lineal,biological,,48,,,,,,,,2026-08-26,McFamily
R050,partner,P049,P657,,,marriage,1,1957-02-15,day,,,,,,2026-08-26,McFamily
RL0049,parent-child,P048,P049,lineal,biological,,49,,,,,,,,2026-08-26,McFamily
RN0049,parent-child,P656,P049,non-lineal,biological,,49,,,,,,,,2026-08-26,McFamily
R051,partner,P050,P658,,,marriage,1,,,,,,,,2026-08-26,McFamily
RL0050,parent-child,P049,P050,lineal,biological,,50,,,,,,,,2026-08-26,McFamily
RN0050,parent-child,P657,P050,non-lineal,biological,,50,,,,,,,,2026-08-26,McFamily
R052,partner,P051,P659,,,marriage,1,,,,,,,,2026-08-26,McFamily
RL0051,parent-child,P049,P051,lineal,biological,,51,,,,,,,,2026-08-26,McFamily
RN0051,parent-child,P657,P051,non-lineal,biological,,51,,,,,,,,2026-08-26,McFamily
R053,partner,P052,P660,,,marriage,1,1960-07-09,day,,,,,,2026-08-26,McFamily
RL0052,parent-child,P048,P052,lineal,biological,,52,,,,,,,,2026-08-26,McFamily
RN0052,parent-child,P656,P052,non-lineal,biological,,52,,,,,,,,2026-08-26,McFamily
R054,partner,P053,P661,,,marriage,1,1986-05-17,day,,,,,,2026-08-26,McFamily
RL0053,parent-child,P052,P053,lineal,biological,,53,,,,,,,,2026-08-26,McFamily
RN0053,parent-child,P660,P053,non-lineal,biological,,53,,,,,,,,2026-08-26,McFamily
R055,partner,P054,P662,,,marriage,1,1965-11-06,day,,,,,,2026-08-26,McFamily
RL0054,parent-child,P048,P054,lineal,biological,,54,,,,,,,,2026-08-26,McFamily
RN0054,parent-child,P656,P054,non-lineal,biological,,54,,,,,,,,2026-08-26,McFamily
R056,partner,P055,P663,,,marriage,1,1956-07-01,day,,,,,,2026-08-26,McFamily
RL0055,parent-child,P048,P055,lineal,biological,,55,,,,,,,,2026-08-26,McFamily
RN0055,parent-child,P656,P055,non-lineal,biological,,55,,,,,,,,2026-08-26,McFamily
R057,partner,P056,P664,,,marriage,1,,,,,,,,2026-08-26,McFamily
RL0056,parent-child,P055,P056,lineal,biological,,56,,,,,,,,2026-08-26,McFamily
RN0056,parent-child,P663,P056,non-lineal,biological,,56,,,,,,,,2026-08-26,McFamily
RL0057,parent-child,P055,P057,lineal,biological,,57,,,,,,,,2026-08-26,McFamily
RN0057,parent-child,P663,P057,non-lineal,biological,,57,,,,,,,,2026-08-26,McFamily
R058,partner,P058,P665,,,marriage,1,1936-09-24,day,,UNKNOWN,death,,,2026-08-26,McFamily
RL0058,parent-child,P036,P058,lineal,biological,,58,,,,,,,,2026-08-26,McFamily
RN0058,parent-child,P642,P058,non-lineal,biological,,58,,,,,,,,2026-08-26,McFamily
R059,partner,P059,P666,,,marriage,1,1960-06-11,day,,,,,,2026-08-26,McFamily
RL0059,parent-child,P058,P059,lineal,biological,,59,,,,,,,,2026-08-26,McFamily
RN0059,parent-child,P665,P059,non-lineal,biological,,59,,,,,,,,2026-08-26,McFamily
R060,partner,P060,P667,,,marriage,1,,,,,,,,2026-08-26,McFamily
RL0060,parent-child,P059,P060,lineal,biological,,60,,,,,,,,2026-08-26,McFamily
RN0060,parent-child,P666,P060,non-lineal,biological,,60,,,,,,,,2026-08-26,McFamily
R061,partner,P061,P668,,,marriage,1,1994-12-10,day,,,,,,2026-08-26,McFamily
RL0061,parent-child,P059,P061,lineal,biological,,61,,,,,,,,2026-08-26,McFamily
RN0061,parent-child,P666,P061,non-lineal,biological,,61,,,,,,,,2026-08-26,McFamily
R062,partner,P062,P669,,,marriage,1,1995-11-18,day,,,,,,2026-08-26,McFamily
RL0062,parent-child,P059,P062,lineal,biological,,62,,,,,,,,2026-08-26,McFamily
RN0062,parent-child,P666,P062,non-lineal,biological,,62,,,,,,,,2026-08-26,McFamily
R063,partner,P063,P670,,,marriage,1,1994-10-29,day,,,,,,2026-08-26,McFamily
RL0063,parent-child,P059,P063,lineal,biological,,63,,,,,,,,2026-08-26,McFamily
RN0063,parent-child,P666,P063,non-lineal,biological,,63,,,,,,,,2026-08-26,McFamily
R064,partner,P064,P671,,,marriage,1,1939-05-30,day,,UNKNOWN,death,,,2026-08-26,McFamily
RL0064,parent-child,P036,P064,lineal,biological,,64,,,,,,,,2026-08-26,McFamily
RN0064,parent-child,P642,P064,non-lineal,biological,,64,,,,,,,,2026-08-26,McFamily
R065,partner,P065,P672,,,marriage,1,1963-01-11,day,,,,,,2026-08-26,McFamily
RL0065,parent-child,P064,P065,lineal,biological,,65,,,,,,,,2026-08-26,McFamily
RN0065,parent-child,P671,P065,non-lineal,biological,,65,,,,,,,,2026-08-26,McFamily
R067,partner,P066,P674,,,marriage,1,1985-06-22,day,,UNKNOWN,UNKNOWN,,,2026-08-26,McFamily
R066,partner,P066,P673,,,marriage,2,1991-08-10,day,,,,,,2026-08-26,McFamily
RL0066,parent-child,P065,P066,lineal,biological,,66,,,,,,,,2026-08-26,McFamily
RN0066,parent-child,P672,P066,non-lineal,biological,,66,,,,,,,,2026-08-26,McFamily
R068,partner,P067,P675,,,marriage,1,,,,UNKNOWN,UNKNOWN,,,2026-08-26,McFamily
RL0067,parent-child,P064,P067,lineal,biological,,67,,,,,,,,2026-08-26,McFamily
R069,partner,P068,P676,,,marriage,1,1970-07-12,day,,,,,,2026-08-26,McFamily
RL0068,parent-child,P064,P068,lineal,biological,,68,,,,,,,,2026-08-26,McFamily
RN0068,parent-child,P671,P068,non-lineal,biological,,68,,,,,,,,2026-08-26,McFamily
R070,partner,P069,P677,,,marriage,1,1975-10-03,day,,,,,,2026-08-26,McFamily
RL0069,parent-child,P064,P069,lineal,biological,,69,,,,,,,,2026-08-26,McFamily
RN0069,parent-child,P671,P069,non-lineal,biological,,69,,,,,,,,2026-08-26,McFamily
R072,partner,P070,P679,,,marriage,1,1946-11-24,day,,UNKNOWN,UNKNOWN,,,2026-08-26,McFamily
R071,partner,P070,P678,,,marriage,2,,,,UNKNOWN,death,,,2026-08-26,McFamily
RL0070,parent-child,P036,P070,lineal,biological,,70,,,,,,,,2026-08-26,McFamily
RN0070,parent-child,P642,P070,non-lineal,biological,,70,,,,,,,,2026-08-26,McFamily
R073,partner,P071,P680,,,marriage,1,,,,,,,,2026-08-26,McFamily
RL0071,parent-child,P070,P071,lineal,biological,,71,,,,,,,,2026-08-26,McFamily
RN0071,parent-child,P678,P071,non-lineal,biological,,71,,,,,,,,2026-08-26,McFamily
R074,partner,P072,P681,,,marriage,1,,,,,,,,2026-08-26,McFamily
RL0072,parent-child,P070,P072,lineal,biological,,72,,,,,,,,2026-08-26,McFamily
RN0072,parent-child,P678,P072,non-lineal,biological,,72,,,,,,,,2026-08-26,McFamily
R075,partner,P073,P682,,,marriage,1,,,,,,,,2026-08-26,McFamily
RL0073,parent-child,P070,P073,lineal,biological,,73,,,,,,,,2026-08-26,McFamily
RN0073,parent-child,P678,P073,non-lineal,biological,,73,,,,,,,,2026-08-26,McFamily
R077,partner,P074,P684,,,marriage,1,,,,UNKNOWN,UNKNOWN,,,2026-08-26,McFamily
R076,partner,P074,P683,,,marriage,2,,,,UNKNOWN,death,,,2026-08-26,McFamily
RL0074,parent-child,P035,P074,lineal,biological,,74,,,,,,,,2026-08-26,McFamily
RN0074,parent-child,P641,P074,non-lineal,biological,,74,,,,,,,,2026-08-26,McFamily
R078,partner,P075,P685,,,marriage,1,1953-06-06,day,,UNKNOWN,death,,,2026-08-26,McFamily
RL0075,parent-child,P074,P075,lineal,biological,,75,,,,,,,,2026-08-26,McFamily
RN0075,parent-child,P684,P075,non-lineal,biological,,75,,,,,,,,2026-08-26,McFamily
R079,partner,P076,P686,,,marriage,1,1988-07-02,day,,,,,,2026-08-26,McFamily
RL0076,parent-child,P075,P076,lineal,biological,,76,,,,,,,,2026-08-26,McFamily
RN0076,parent-child,P685,P076,non-lineal,biological,,76,,,,,,,,2026-08-26,McFamily
R080,partner,P077,P687,,,marriage,1,1983-03-26,day,,UNKNOWN,UNKNOWN,,,2026-08-26,McFamily
RL0077,parent-child,P075,P077,lineal,biological,,77,,,,,,,,2026-08-26,McFamily
RN0077,parent-child,P685,P077,non-lineal,biological,,77,,,,,,,,2026-08-26,McFamily
R081,partner,P078,P688,,,marriage,1,,,,,,,,2026-08-26,McFamily
RL0078,parent-child,P075,P078,lineal,biological,,78,,,,,,,,2026-08-26,McFamily
RN0078,parent-child,P685,P078,non-lineal,biological,,78,,,,,,,,2026-08-26,McFamily
R082,partner,P079,P689,,,marriage,1,1988-06-18,day,,,,,,2026-08-26,McFamily
RL0079,parent-child,P075,P079,lineal,biological,,79,,,,,,,,2026-08-26,McFamily
RN0079,parent-child,P685,P079,non-lineal,biological,,79,,,,,,,,2026-08-26,McFamily
R083,partner,P080,P690,,,marriage,1,1953-12-18,day,,UNKNOWN,death,,,2026-08-26,McFamily
RL0080,parent-child,P074,P080,lineal,biological,,80,,,,,,,,2026-08-26,McFamily
RN0080,parent-child,P684,P080,non-lineal,biological,,80,,,,,,,,2026-08-26,McFamily
R084,partner,P081,P691,,,marriage,1,,,,,,,,2026-08-26,McFamily
RL0081,parent-child,P080,P081,lineal,biological,,81,,,,,,,,2026-08-26,McFamily
RN0081,parent-child,P690,P081,non-lineal,biological,,81,,,,,,,,2026-08-26,McFamily
R085,partner,P082,P692,,,marriage,1,1984-03-31,day,,,,,,2026-08-26,McFamily
RL0082,parent-child,P080,P082,lineal,biological,,82,,,,,,,,2026-08-26,McFamily
RN0082,parent-child,P690,P082,non-lineal,biological,,82,,,,,,,,2026-08-26,McFamily
R086,partner,P083,P693,,,marriage,1,1927-04-27,day,,UNKNOWN,death,,,2026-08-26,McFamily
RL0083,parent-child,P035,P083,lineal,biological,,83,,,,,,,,2026-08-26,McFamily
RN0083,parent-child,P641,P083,non-lineal,biological,,83,,,,,,,,2026-08-26,McFamily
R087,partner,P084,P694,,,marriage,1,1950-08-27,day,,,,,,2026-08-26,McFamily
RL0084,parent-child,P083,P084,lineal,biological,,84,,,,,,,,2026-08-26,McFamily
RN0084,parent-child,P693,P084,non-lineal,biological,,84,,,,,,,,2026-08-26,McFamily
R088,partner,P085,P695,,,marriage,1,1972-07-16,day,,UNKNOWN,death,,,2026-08-26,McFamily
RL0085,parent-child,P084,P085,lineal,biological,,85,,,,,,,,2026-08-26,McFamily
RN0085,parent-child,P694,P085,non-lineal,biological,,85,,,,,,,,2026-08-26,McFamily
R089,partner,P086,P696,,,marriage,1,1974-12-11,day,,,,,,2026-08-26,McFamily
RL0086,parent-child,P084,P086,lineal,biological,,86,,,,,,,,2026-08-26,McFamily
RN0086,parent-child,P694,P086,non-lineal,biological,,86,,,,,,,,2026-08-26,McFamily
R090,partner,P087,P697,,,marriage,1,,,,UNKNOWN,UNKNOWN,,,2026-08-26,McFamily
RL0087,parent-child,P084,P087,lineal,biological,,87,,,,,,,,2026-08-26,McFamily
RN0087,parent-child,P694,P087,non-lineal,biological,,87,,,,,,,,2026-08-26,McFamily
R091,partner,P088,P698,,,marriage,1,1981-10-10,day,,,,,,2026-08-26,McFamily
RL0088,parent-child,P084,P088,lineal,biological,,88,,,,,,,,2026-08-26,McFamily
RN0088,parent-child,P694,P088,non-lineal,biological,,88,,,,,,,,2026-08-26,McFamily
R092,partner,P089,P699,,,marriage,1,1949-06-18,day,,UNKNOWN,death,,,2026-08-26,McFamily
RL0089,parent-child,P083,P089,lineal,biological,,89,,,,,,,,2026-08-26,McFamily
RN0089,parent-child,P693,P089,non-lineal,biological,,89,,,,,,,,2026-08-26,McFamily
R093,partner,P090,P700,,,marriage,1,,,,,,,,2026-08-26,McFamily
RL0090,parent-child,P089,P090,lineal,biological,,90,,,,,,,,2026-08-26,McFamily
RN0090,parent-child,P699,P090,non-lineal,biological,,90,,,,,,,,2026-08-26,McFamily
R094,partner,P091,P701,,,marriage,1,,,,,,,,2026-08-26,McFamily
RL0091,parent-child,P089,P091,lineal,biological,,91,,,,,,,,2026-08-26,McFamily
RN0091,parent-child,P699,P091,non-lineal,biological,,91,,,,,,,,2026-08-26,McFamily
R096,partner,P092,P703,,,marriage,1,,,,UNKNOWN,UNKNOWN,,,2026-08-26,McFamily
R095,partner,P092,P702,,,marriage,2,1993-06-25,day,,,,,,2026-08-26,McFamily
RL0092,parent-child,P089,P092,lineal,biological,,92,,,,,,,,2026-08-26,McFamily
RN0092,parent-child,P699,P092,non-lineal,biological,,92,,,,,,,,2026-08-26,McFamily
R097,partner,P093,P704,,,marriage,1,1998-06-20,day,,,,,,2026-08-26,McFamily
RL0093,parent-child,P092,P093,lineal,biological,,93,,,,,,,,2026-08-26,McFamily
RN0093,parent-child,P703,P093,non-lineal,biological,,93,,,,,,,,2026-08-26,McFamily
R098,partner,P094,P705,,,marriage,1,1997-11-01,day,,,,,,2026-08-26,McFamily
RL0094,parent-child,P092,P094,lineal,biological,,94,,,,,,,,2026-08-26,McFamily
RN0094,parent-child,P703,P094,non-lineal,biological,,94,,,,,,,,2026-08-26,McFamily
R099,partner,P095,P706,,,marriage,1,2001-04-28,day,,,,,,2026-08-26,McFamily
RL0095,parent-child,P092,P095,lineal,biological,,95,,,,,,,,2026-08-26,McFamily
RN0095,parent-child,P703,P095,non-lineal,biological,,95,,,,,,,,2026-08-26,McFamily
R100,partner,P096,P707,,,marriage,1,,,,UNKNOWN,death,,,2026-08-26,McFamily
RL0096,parent-child,P083,P096,lineal,biological,,96,,,,,,,,2026-08-26,McFamily
RN0096,parent-child,P693,P096,non-lineal,biological,,96,,,,,,,,2026-08-26,McFamily
R102,partner,P097,P709,,,marriage,1,,,,UNKNOWN,death,,,2026-08-26,McFamily
R101,partner,P097,P708,,,marriage,2,1996-06-14,day,,,,,,2026-08-26,McFamily
RL0097,parent-child,P096,P097,lineal,biological,,97,,,,,,,,2026-08-26,McFamily
RN0097,parent-child,P707,P097,non-lineal,biological,,97,,,,,,,,2026-08-26,McFamily
R103,partner,P098,P710,,,marriage,1,,,,UNKNOWN,UNKNOWN,,,2026-08-26,McFamily
R104,partner,P098,P711,,,marriage,2,,,,UNKNOWN,UNKNOWN,,,2026-08-26,McFamily
RL0098,parent-child,P097,P098,lineal,biological,,98,,,,,,,,2026-08-26,McFamily
R105,partner,P099,P712,,,marriage,1,,,,,,,,2026-08-26,McFamily
RL0099,parent-child,P096,P099,lineal,biological,,99,,,,,,,,2026-08-26,McFamily
RN0099,parent-child,P707,P099,non-lineal,biological,,99,,,,,,,,2026-08-26,McFamily
R106,partner,P100,P713,,,marriage,1,,,,,,,,2026-08-26,McFamily
RL0100,parent-child,P096,P100,lineal,biological,,100,,,,,,,,2026-08-26,McFamily
RN0100,parent-child,P707,P100,non-lineal,biological,,100,,,,,,,,2026-08-26,McFamily
R107,partner,P101,P714,,,marriage,1,1985-08-04,day,,,,,,2026-08-26,McFamily
RL0101,parent-child,P096,P101,lineal,biological,,101,,,,,,,,2026-08-26,McFamily
RN0101,parent-child,P707,P101,non-lineal,biological,,101,,,,,,,,2026-08-26,McFamily
R108,partner,P102,P715,,,marriage,1,,,,UNKNOWN,UNKNOWN,,,2026-08-26,McFamily
RL0102,parent-child,P096,P102,lineal,biological,,102,,,,,,,,2026-08-26,McFamily
RN0102,parent-child,P707,P102,non-lineal,biological,,102,,,,,,,,2026-08-26,McFamily
R109,partner,P103,P716,,,marriage,1,1955-11-20,day,,UNKNOWN,death,,,2026-08-26,McFamily
RL0103,parent-child,P083,P103,lineal,biological,,103,,,,,,,,2026-08-26,McFamily
RN0103,parent-child,P693,P103,non-lineal,biological,,103,,,,,,,,2026-08-26,McFamily
R110,partner,P104,P717,,,marriage,1,1997-02-14,day,,UNKNOWN,UNKNOWN,,,2026-08-26,McFamily
RL0104,parent-child,P103,P104,lineal,biological,,104,,,,,,,,2026-08-26,McFamily
RN0104,parent-child,P716,P104,non-lineal,biological,,104,,,,,,,,2026-08-26,McFamily
RL0105,parent-child,P103,P105,lineal,biological,,105,,,,,,,,2026-08-26,McFamily
RN0105,parent-child,P716,P105,non-lineal,biological,,105,,,,,,,,2026-08-26,McFamily
R111,partner,P106,P718,,,marriage,1,1976-07-09,day,,,,,,2026-08-26,McFamily
RL0106,parent-child,P103,P106,lineal,biological,,106,,,,,,,,2026-08-26,McFamily
RN0106,parent-child,P716,P106,non-lineal,biological,,106,,,,,,,,2026-08-26,McFamily
R112,partner,P107,P719,,,marriage,1,1982-03-09,day,,,,,,2026-08-26,McFamily
RL0107,parent-child,P103,P107,lineal,biological,,107,,,,,,,,2026-08-26,McFamily
RN0107,parent-child,P716,P107,non-lineal,biological,,107,,,,,,,,2026-08-26,McFamily
R113,partner,P108,P720,,,marriage,1,,,,,,,,2026-08-26,McFamily
RL0108,parent-child,P083,P108,lineal,biological,,108,,,,,,,,2026-08-26,McFamily
RN0108,parent-child,P693,P108,non-lineal,biological,,108,,,,,,,,2026-08-26,McFamily
R114,partner,P109,P721,,,marriage,1,,,,,,,,2026-08-26,McFamily
RL0109,parent-child,P108,P109,lineal,biological,,109,,,,,,,,2026-08-26,McFamily
RN0109,parent-child,P720,P109,non-lineal,biological,,109,,,,,,,,2026-08-26,McFamily
R115,partner,P110,P722,,,marriage,1,1985-06-22,day,,,,,,2026-08-26,McFamily
RL0110,parent-child,P108,P110,lineal,biological,,110,,,,,,,,2026-08-26,McFamily
RN0110,parent-child,P720,P110,non-lineal,biological,,110,,,,,,,,2026-08-26,McFamily
R116,partner,P111,P723,,,marriage,1,,,,,,,,2026-08-26,McFamily
RL0111,parent-child,P108,P111,lineal,biological,,111,,,,,,,,2026-08-26,McFamily
RN0111,parent-child,P720,P111,non-lineal,biological,,111,,,,,,,,2026-08-26,McFamily
R117,partner,P112,P724,,,marriage,1,1983,year,,,,,,2026-08-26,McFamily
RL0112,parent-child,P108,P112,lineal,biological,,112,,,,,,,,2026-08-26,McFamily
RN0112,parent-child,P720,P112,non-lineal,biological,,112,,,,,,,,2026-08-26,McFamily
R118,partner,P113,P725,,,marriage,1,,,,UNKNOWN,death,,,2026-08-26,McFamily
RL0113,parent-child,P083,P113,lineal,biological,,113,,,,,,,,2026-08-26,McFamily
RN0113,parent-child,P693,P113,non-lineal,biological,,113,,,,,,,,2026-08-26,McFamily
RL0114,parent-child,P113,P114,lineal,biological,,114,,,,,,,,2026-08-26,McFamily
RN0114,parent-child,P725,P114,non-lineal,biological,,114,,,,,,,,2026-08-26,McFamily
R119,partner,P115,P726,,,marriage,1,,,,UNKNOWN,death,,,2026-08-26,McFamily
RL0115,parent-child,P083,P115,lineal,biological,,115,,,,,,,,2026-08-26,McFamily
RN0115,parent-child,P693,P115,non-lineal,biological,,115,,,,,,,,2026-08-26,McFamily
R120,partner,P116,P727,,,marriage,1,1932-02-20,day,,UNKNOWN,death,,,2026-08-26,McFamily
RL0116,parent-child,P035,P116,lineal,biological,,116,,,,,,,,2026-08-26,McFamily
RN0116,parent-child,P641,P116,non-lineal,biological,,116,,,,,,,,2026-08-26,McFamily
R121,partner,P117,P728,,,marriage,1,1955-09-02,day,,UNKNOWN,death,,,2026-08-26,McFamily
RL0117,parent-child,P116,P117,lineal,biological,,117,,,,,,,,2026-08-26,McFamily
RN0117,parent-child,P727,P117,non-lineal,biological,,117,,,,,,,,2026-08-26,McFamily
R122,partner,P118,P729,,,marriage,1,1977-09-17,day,,,,,,2026-08-26,McFamily
RL0118,parent-child,P117,P118,lineal,biological,,118,,,,,,,,2026-08-26,McFamily
RN0118,parent-child,P728,P118,non-lineal,biological,,118,,,,,,,,2026-08-26,McFamily
R123,partner,P119,P730,,,marriage,1,,,,UNKNOWN,death,,,2026-08-26,McFamily
RL0119,parent-child,P117,P119,lineal,biological,,119,,,,,,,,2026-08-26,McFamily
RN0119,parent-child,P728,P119,non-lineal,biological,,119,,,,,,,,2026-08-26,McFamily
R124,partner,P120,P731,,,marriage,1,,,,UNKNOWN,UNKNOWN,,,2026-08-26,McFamily
RL0120,parent-child,P117,P120,lineal,biological,,120,,,,,,,,2026-08-26,McFamily
RN0120,parent-child,P728,P120,non-lineal,biological,,120,,,,,,,,2026-08-26,McFamily
R125,partner,P121,P732,,,marriage,1,1984-07-11,day,,UNKNOWN,UNKNOWN,,,2026-08-26,McFamily
RL0121,parent-child,P117,P121,lineal,biological,,121,,,,,,,,2026-08-26,McFamily
RN0121,parent-child,P728,P121,non-lineal,biological,,121,,,,,,,,2026-08-26,McFamily
R126,partner,P122,P733,,,marriage,1,1956-04-28,day,,UNKNOWN,death,,,2026-08-26,McFamily
RL0122,parent-child,P116,P122,lineal,biological,,122,,,,,,,,2026-08-26,McFamily
RN0122,parent-child,P727,P122,non-lineal,biological,,122,,,,,,,,2026-08-26,McFamily
R127,partner,P123,P734,,,marriage,1,1985-05-12,day,,,,,,2026-08-26,McFamily
RL0123,parent-child,P122,P123,lineal,biological,,123,,,,,,,,2026-08-26,McFamily
RN0123,parent-child,P733,P123,non-lineal,biological,,123,,,,,,,,2026-08-26,McFamily
R128,partner,P124,P735,,,marriage,1,1987-08-29,day,,,,,,2026-08-26,McFamily
RL0124,parent-child,P122,P124,lineal,biological,,124,,,,,,,,2026-08-26,McFamily
RN0124,parent-child,P733,P124,non-lineal,biological,,124,,,,,,,,2026-08-26,McFamily
R129,partner,P125,P736,,,marriage,1,1965-01-23,day,,,,,,2026-08-26,McFamily
RL0125,parent-child,P116,P125,lineal,biological,,125,,,,,,,,2026-08-26,McFamily
RN0125,parent-child,P727,P125,non-lineal,biological,,125,,,,,,,,2026-08-26,McFamily
R130,partner,P126,P737,,,marriage,1,1985-01-26,day,,UNKNOWN,death,,,2026-08-26,McFamily
RL0126,parent-child,P125,P126,lineal,biological,,126,,,,,,,,2026-08-26,McFamily
RN0126,parent-child,P736,P126,non-lineal,biological,,126,,,,,,,,2026-08-26,McFamily
R131,partner,P127,P738,,,marriage,1,,,,UNKNOWN,death,,,2026-08-26,McFamily
RL0127,parent-child,P035,P127,lineal,biological,,127,,,,,,,,2026-08-26,McFamily
RN0127,parent-child,P641,P127,non-lineal,biological,,127,,,,,,,,2026-08-26,McFamily
RL0128,parent-child,P127,P128,lineal,biological,,128,,,,,,,,2026-08-26,McFamily
RN0128,parent-child,P738,P128,non-lineal,biological,,128,,,,,,,,2026-08-26,McFamily
R132,partner,P129,P739,,,marriage,1,1961-08-18,day,,,,,,2026-08-26,McFamily
RL0129,parent-child,P127,P129,lineal,biological,,129,,,,,,,,2026-08-26,McFamily
RN0129,parent-child,P738,P129,non-lineal,biological,,129,,,,,,,,2026-08-26,McFamily
R134,partner,P130,P741,,,marriage,1,1992-06-20,day,,UNKNOWN,UNKNOWN,,,2026-08-26,McFamily
R133,partner,P130,P740,,,marriage,2,1999-06-29,day,,,,,,2026-08-26,McFamily
RL0130,parent-child,P129,P130,lineal,biological,,130,,,,,,,,2026-08-26,McFamily
RN0130,parent-child,P739,P130,non-lineal,biological,,130,,,,,,,,2026-08-26,McFamily
R135,partner,P131,P742,,,marriage,1,1966-12-09,day,,,,,,2026-08-26,McFamily
RL0131,parent-child,P127,P131,lineal,biological,,131,,,,,,,,2026-08-26,McFamily
RN0131,parent-child,P738,P131,non-lineal,biological,,131,,,,,,,,2026-08-26,McFamily
R136,partner,P132,P743,,,marriage,1,,,,UNKNOWN,death,,,2026-08-26,McFamily
RL0132,parent-child,P229,P132,lineal,biological,,132,,,,,,,,2026-08-26,McFamily
RN0132,parent-child,P841,P132,non-lineal,biological,,132,,,,,,,,2026-08-26,McFamily
R137,partner,P133,P744,,,marriage,1,,,,UNKNOWN,death,,,2026-08-26,McFamily
RL0133,parent-child,P132,P133,lineal,biological,,133,,,,,,,,2026-08-26,McFamily
RN0133,parent-child,P743,P133,non-lineal,biological,,133,,,,,,,,2026-08-26,McFamily
R139,partner,P134,P746,,,marriage,1,,,,UNKNOWN,UNKNOWN,,,2026-08-26,McFamily
R138,partner,P134,P745,,,marriage,2,1950-12-31,day,,UNKNOWN,death,,,2026-08-26,McFamily
RL0134,parent-child,P133,P134,lineal,biological,,134,,,,,,,,2026-08-26,McFamily
RN0134,parent-child,P744,P134,non-lineal,biological,,134,,,,,,,,2026-08-26,McFamily
R140,partner,P135,P747,,,marriage,1,1981-07-01,day,,UNKNOWN,death,,,2026-08-26,McFamily
RL0135,parent-child,P134,P135,lineal,biological,,135,,,,,,,,2026-08-26,McFamily
RN0135,parent-child,P745,P135,non-lineal,biological,,135,,,,,,,,2026-08-26,McFamily
R141,partner,P136,P748,,,marriage,1,,,,,,,,2026-08-26,McFamily
RL0136,parent-child,P134,P136,lineal,biological,,136,,,,,,,,2026-08-26,McFamily
RN0136,parent-child,P745,P136,non-lineal,biological,,136,,,,,,,,2026-08-26,McFamily
R142,partner,P137,P749,,,marriage,1,,,,UNKNOWN,death,,,2026-08-26,McFamily
RL0137,parent-child,P132,P137,lineal,biological,,137,,,,,,,,2026-08-26,McFamily
RN0137,parent-child,P743,P137,non-lineal,biological,,137,,,,,,,,2026-08-26,McFamily
R143,partner,P138,P750,,,marriage,1,,,,UNKNOWN,death,,,2026-08-26,McFamily
RL0138,parent-child,P137,P138,lineal,biological,,138,,,,,,,,2026-08-26,McFamily
RN0138,parent-child,P749,P138,non-lineal,biological,,138,,,,,,,,2026-08-26,McFamily
R144,partner,P139,P751,,,marriage,1,,,,UNKNOWN,death,,,2026-08-26,McFamily
RL0139,parent-child,P138,P139,lineal,biological,,139,,,,,,,,2026-08-26,McFamily
RN0139,parent-child,P750,P139,non-lineal,biological,,139,,,,,,,,2026-08-26,McFamily
RL0140,parent-child,P139,P140,lineal,biological,,140,,,,,,,,2026-08-26,McFamily
RN0140,parent-child,P751,P140,non-lineal,biological,,140,,,,,,,,2026-08-26,McFamily
R146,partner,P141,P753,,,marriage,1,,,,UNKNOWN,UNKNOWN,,,2026-08-26,McFamily
R145,partner,P141,P752,,,marriage,2,,,,,,,,2026-08-26,McFamily
RL0141,parent-child,P139,P141,lineal,biological,,141,,,,,,,,2026-08-26,McFamily
RN0141,parent-child,P751,P141,non-lineal,biological,,141,,,,,,,,2026-08-26,McFamily
R147,partner,P142,P754,,,marriage,1,,,,,,,,2026-08-26,McFamily
RL0142,parent-child,P139,P142,lineal,biological,,142,,,,,,,,2026-08-26,McFamily
RN0142,parent-child,P751,P142,non-lineal,biological,,142,,,,,,,,2026-08-26,McFamily
R148,partner,P143,P755,,,marriage,1,,,,UNKNOWN,death,,,2026-08-26,McFamily
RL0143,parent-child,P229,P143,lineal,biological,,143,,,,,,,,2026-08-26,McFamily
RN0143,parent-child,P841,P143,non-lineal,biological,,143,,,,,,,,2026-08-26,McFamily
R149,partner,P144,P756,,,marriage,1,,,,UNKNOWN,death,,,2026-08-26,McFamily
RL0144,parent-child,P143,P144,lineal,biological,,144,,,,,,,,2026-08-26,McFamily
RN0144,parent-child,P755,P144,non-lineal,biological,,144,,,,,,,,2026-08-26,McFamily
R150,partner,P145,P757,,,marriage,1,1965,year,,,,,,2026-08-26,McFamily
RL0145,parent-child,P500,P145,lineal,biological,,145,,,,,,,,2026-08-26,McFamily
RN0145,parent-child,P911,P145,non-lineal,biological,,145,,,,,,,,2026-08-26,McFamily
R151,partner,P146,P758,,,marriage,1,1992-05-09,day,,,,,,2026-08-26,McFamily
RL0146,parent-child,P145,P146,lineal,biological,,146,,,,,,,,2026-08-26,McFamily
RN0146,parent-child,P757,P146,non-lineal,biological,,146,,,,,,,,2026-08-26,McFamily
R152,partner,P147,P759,,,marriage,1,,,,,,,,2026-08-26,McFamily
RL0147,parent-child,P500,P147,lineal,biological,,147,,,,,,,,2026-08-26,McFamily
RN0147,parent-child,P911,P147,non-lineal,biological,,147,,,,,,,,2026-08-26,McFamily
R153,partner,P148,P760,,,marriage,1,1940-10-12,day,,UNKNOWN,death,,,2026-08-26,McFamily
RL0148,parent-child,P144,P148,lineal,biological,,148,,,,,,,,2026-08-26,McFamily
RN0148,parent-child,P756,P148,non-lineal,biological,,148,,,,,,,,2026-08-26,McFamily
RL0149,parent-child,P148,P149,lineal,biological,,149,,,,,,,,2026-08-26,McFamily
RN0149,parent-child,P760,P149,non-lineal,biological,,149,,,,,,,,2026-08-26,McFamily
R155,partner,P150,P762,,,marriage,1,1975-08-23,day,,UNKNOWN,UNKNOWN,,,2026-08-26,McFamily
R154,partner,P150,P761,,,marriage,2,,,,,,,,2026-08-26,McFamily
RL0150,parent-child,P148,P150,lineal,biological,,150,,,,,,,,2026-08-26,McFamily
RN0150,parent-child,P760,P150,non-lineal,biological,,150,,,,,,,,2026-08-26,McFamily
R156,partner,P151,P763,,,marriage,1,,,,,,,,2026-08-26,McFamily
RL0151,parent-child,P148,P151,lineal,biological,,151,,,,,,,,2026-08-26,McFamily
RN0151,parent-child,P760,P151,non-lineal,biological,,151,,,,,,,,2026-08-26,McFamily
R157,partner,P152,P764,,,marriage,1,1947-08-02,day,,UNKNOWN,death,,,2026-08-26,McFamily
RL0152,parent-child,P144,P152,lineal,biological,,152,,,,,,,,2026-08-26,McFamily
RN0152,parent-child,P756,P152,non-lineal,biological,,152,,,,,,,,2026-08-26,McFamily
R159,partner,P153,P766,,,marriage,1,1974-08-24,day,,UNKNOWN,UNKNOWN,,,2026-08-26,McFamily
R158,partner,P153,P765,,,marriage,2,1984-08-04,day,,,,,,2026-08-26,McFamily
RL0153,parent-child,P152,P153,lineal,biological,,153,,,,,,,,2026-08-26,McFamily
RN0153,parent-child,P764,P153,non-lineal,biological,,153,,,,,,,,2026-08-26,McFamily
R160,partner,P154,P767,,,marriage,1,,,,,,,,2026-08-26,McFamily
RL0154,parent-child,P152,P154,lineal,biological,,154,,,,,,,,2026-08-26,McFamily
RN0154,parent-child,P764,P154,non-lineal,biological,,154,,,,,,,,2026-08-26,McFamily
R161,partner,P155,P768,,,marriage,1,1987-10-17,day,,,,,,2026-08-26,McFamily
RL0155,parent-child,P152,P155,lineal,biological,,155,,,,,,,,2026-08-26,McFamily
RN0155,parent-child,P764,P155,non-lineal,biological,,155,,,,,,,,2026-08-26,McFamily
R162,partner,P156,P769,,,marriage,1,1985-08-03,day,,UNKNOWN,UNKNOWN,,,2026-08-26,McFamily
RL0156,parent-child,P152,P156,lineal,biological,,156,,,,,,,,2026-08-26,McFamily
RN0156,parent-child,P764,P156,non-lineal,biological,,156,,,,,,,,2026-08-26,McFamily
R163,partner,P157,P770,,,marriage,1,1914-12-24,day,,UNKNOWN,death,,,2026-08-26,McFamily
RL0157,parent-child,P143,P157,lineal,biological,,157,,,,,,,,2026-08-26,McFamily
RN0157,parent-child,P755,P157,non-lineal,biological,,157,,,,,,,,2026-08-26,McFamily
R164,partner,P158,P771,,,marriage,1,1942-05-06,day,,UNKNOWN,death,,,2026-08-26,McFamily
RL0158,parent-child,P157,P158,lineal,biological,,158,,,,,,,,2026-08-26,McFamily
RN0158,parent-child,P770,P158,non-lineal,biological,,158,,,,,,,,2026-08-26,McFamily
R165,partner,P159,P772,,,marriage,1,1962-11-??,partial,,UNKNOWN,death,,,2026-08-26,McFamily
RL0159,parent-child,P158,P159,lineal,biological,,159,,,,,,,,2026-08-26,McFamily
RN0159,parent-child,P771,P159,non-lineal,biological,,159,,,,,,,,2026-08-26,McFamily
R167,partner,P160,P774,,,marriage,1,,,,UNKNOWN,UNKNOWN,,,2026-08-26,McFamily
R166,partner,P160,P773,,,marriage,2,,,,,,,,2026-08-26,McFamily
R169,partner,P161,P776,,,marriage,1,,,,UNKNOWN,UNKNOWN,,,2026-08-26,McFamily
R168,partner,P161,P775,,,marriage,2,1998-07-10,day,,,,,,2026-08-26,McFamily
RL0161,parent-child,P159,P161,lineal,biological,,161,,,,,,,,2026-08-26,McFamily
RN0161,parent-child,P772,P161,non-lineal,biological,,161,,,,,,,,2026-08-26,McFamily
RL0162,parent-child,P158,P162,lineal,biological,,162,,,,,,,,2026-08-26,McFamily
RN0162,parent-child,P771,P162,non-lineal,biological,,162,,,,,,,,2026-08-26,McFamily
R170,partner,P163,P777,,,marriage,1,1946-06-09,day,,UNKNOWN,death,,,2026-08-26,McFamily
RL0163,parent-child,P157,P163,lineal,biological,,163,,,,,,,,2026-08-26,McFamily
RN0163,parent-child,P770,P163,non-lineal,biological,,163,,,,,,,,2026-08-26,McFamily
R171,partner,P164,P778,,,marriage,1,,,,,,,,2026-08-26,McFamily
RL0164,parent-child,P163,P164,lineal,biological,,164,,,,,,,,2026-08-26,McFamily
RN0164,parent-child,P777,P164,non-lineal,biological,,164,,,,,,,,2026-08-26,McFamily
R172,partner,P165,P779,,,marriage,1,,,,,,,,2026-08-26,McFamily
RL0165,parent-child,P163,P165,lineal,biological,,165,,,,,,,,2026-08-26,McFamily
RN0165,parent-child,P777,P165,non-lineal,biological,,165,,,,,,,,2026-08-26,McFamily
RL0166,parent-child,P157,P166,lineal,biological,,166,,,,,,,,2026-08-26,McFamily
RN0166,parent-child,P770,P166,non-lineal,biological,,166,,,,,,,,2026-08-26,McFamily
R173,partner,P167,P780,,,marriage,1,1947-10-18,day,,UNKNOWN,death,,,2026-08-26,McFamily
RL0167,parent-child,P157,P167,lineal,biological,,167,,,,,,,,2026-08-26,McFamily
RN0167,parent-child,P770,P167,non-lineal,biological,,167,,,,,,,,2026-08-26,McFamily
R174,partner,P168,P781,,,marriage,1,????-05-??,partial,,,,,,2026-08-26,McFamily
RL0168,parent-child,P167,P168,lineal,biological,,168,,,,,,,,2026-08-26,McFamily
RN0168,parent-child,P780,P168,non-lineal,biological,,168,,,,,,,,2026-08-26,McFamily
R175,partner,P169,P782,,,marriage,1,1986-05-31,day,,,,,,2026-08-26,McFamily
RL0169,parent-child,P167,P169,lineal,biological,,169,,,,,,,,2026-08-26,McFamily
RN0169,parent-child,P780,P169,non-lineal,biological,,169,,,,,,,,2026-08-26,McFamily
R176,partner,P170,P783,,,marriage,1,1927-11-23,day,,UNKNOWN,death,,,2026-08-26,McFamily
RL0170,parent-child,P143,P170,lineal,biological,,170,,,,,,,,2026-08-26,McFamily
RN0170,parent-child,P755,P170,non-lineal,biological,,170,,,,,,,,2026-08-26,McFamily
R177,partner,P171,P784,,,marriage,1,1950-06-17,day,,,,,,2026-08-26,McFamily
RL0171,parent-child,P170,P171,lineal,biological,,171,,,,,,,,2026-08-26,McFamily
RN0171,parent-child,P783,P171,non-lineal,biological,,171,,,,,,,,2026-08-26,McFamily
R178,partner,P172,P785,,,marriage,1,1974-10-26,day,,,,,,2026-08-26,McFamily
RL0172,parent-child,P171,P172,lineal,biological,,172,,,,,,,,2026-08-26,McFamily
RN0172,parent-child,P784,P172,non-lineal,biological,,172,,,,,,,,2026-08-26,McFamily
R180,partner,P173,P787,,,marriage,1,1974-05-18,day,,UNKNOWN,UNKNOWN,,,2026-08-26,McFamily
R179,partner,P173,P786,,,marriage,2,1980-03-28,day,,,,,,2026-08-26,McFamily
RL0173,parent-child,P171,P173,lineal,biological,,173,,,,,,,,2026-08-26,McFamily
RN0173,parent-child,P784,P173,non-lineal,biological,,173,,,,,,,,2026-08-26,McFamily
R181,partner,P174,P788,,,marriage,1,1979-09-15,day,,,,,,2026-08-26,McFamily
RL0174,parent-child,P171,P174,lineal,biological,,174,,,,,,,,2026-08-26,McFamily
RN0174,parent-child,P784,P174,non-lineal,biological,,174,,,,,,,,2026-08-26,McFamily
R183,partner,P175,P790,,,marriage,1,,,,UNKNOWN,UNKNOWN,,,2026-08-26,McFamily
R182,partner,P175,P789,,,marriage,2,2007-04-14,day,,,,,,2026-08-26,McFamily
RL0175,parent-child,P171,P175,lineal,biological,,175,,,,,,,,2026-08-26,McFamily
RN0175,parent-child,P784,P175,non-lineal,biological,,175,,,,,,,,2026-08-26,McFamily
R184,partner,P176,P791,,,marriage,1,1958-01-26,day,,UNKNOWN,death,,,2026-08-26,McFamily
RL0176,parent-child,P170,P176,lineal,biological,,176,,,,,,,,2026-08-26,McFamily
RN0176,parent-child,P783,P176,non-lineal,biological,,176,,,,,,,,2026-08-26,McFamily
R185,partner,P177,P792,,,marriage,1,1988-03-19,day,,,,,,2026-08-26,McFamily
RL0177,parent-child,P176,P177,lineal,biological,,177,,,,,,,,2026-08-26,McFamily
RN0177,parent-child,P791,P177,non-lineal,biological,,177,,,,,,,,2026-08-26,McFamily
R186,partner,P178,P793,,,marriage,1,195?-11-23,partial,,UNKNOWN,death,,,2026-08-26,McFamily
RL0178,parent-child,P170,P178,lineal,biological,,178,,,,,,,,2026-08-26,McFamily
RN0178,parent-child,P783,P178,non-lineal,biological,,178,,,,,,,,2026-08-26,McFamily
R187,partner,P179,P794,,,marriage,1,1989-09-09,day,,,,,,2026-08-26,McFamily
RL0179,parent-child,P178,P179,lineal,biological,,179,,,,,,,,2026-08-26,McFamily
RN0179,parent-child,P793,P179,non-lineal,biological,,179,,,,,,,,2026-08-26,McFamily
R188,partner,P180,P795,,,marriage,1,1988-06-18,day,,,,,,2026-08-26,McFamily
RL0180,parent-child,P178,P180,lineal,biological,,180,,,,,,,,2026-08-26,McFamily
RN0180,parent-child,P793,P180,non-lineal,biological,,180,,,,,,,,2026-08-26,McFamily
R189,partner,P181,P796,,,marriage,1,1958-02-23,day,,UNKNOWN,death,,,2026-08-26,McFamily
RL0181,parent-child,P170,P181,lineal,biological,,181,,,,,,,,2026-08-26,McFamily
RN0181,parent-child,P783,P181,non-lineal,biological,,181,,,,,,,,2026-08-26,McFamily
R190,partner,P182,P797,,,marriage,1,1985-03-16,day,,,,,,2026-08-26,McFamily
RL0182,parent-child,P181,P182,lineal,biological,,182,,,,,,,,2026-08-26,McFamily
RN0182,parent-child,P796,P182,non-lineal,biological,,182,,,,,,,,2026-08-26,McFamily
R191,partner,P183,P798,,,marriage,1,,,,UNKNOWN,death,,,2026-08-26,McFamily
RL0183,parent-child,P143,P183,lineal,biological,,183,,,,,,,,2026-08-26,McFamily
RN0183,parent-child,P755,P183,non-lineal,biological,,183,,,,,,,,2026-08-26,McFamily
R193,partner,P184,P800,,,marriage,1,1948-06-23,day,,UNKNOWN,death,,,2026-08-26,McFamily
R192,partner,P184,P799,,,marriage,2,1982-06-10,day,,,,,,2026-08-26,McFamily
RL0184,parent-child,P183,P184,lineal,biological,,184,,,,,,,,2026-08-26,McFamily
RN0184,parent-child,P798,P184,non-lineal,biological,,184,,,,,,,,2026-08-26,McFamily
R194,partner,P185,P801,,,marriage,1,1978-04-15,day,,,,,,2026-08-26,McFamily
RL0185,parent-child,P184,P185,lineal,biological,,185,,,,,,,,2026-08-26,McFamily
RN0185,parent-child,P800,P185,non-lineal,biological,,185,,,,,,,,2026-08-26,McFamily
R195,partner,P186,P802,,,marriage,1,1979-09-08,day,,,,,,2026-08-26,McFamily
RL0186,parent-child,P184,P186,lineal,biological,,186,,,,,,,,2026-08-26,McFamily
RN0186,parent-child,P800,P186,non-lineal,biological,,186,,,,,,,,2026-08-26,McFamily
R196,partner,P187,P803,,,marriage,1,1978-06-03,day,,,,,,2026-08-26,McFamily
RL0187,parent-child,P184,P187,lineal,biological,,187,,,,,,,,2026-08-26,McFamily
RN0187,parent-child,P800,P187,non-lineal,biological,,187,,,,,,,,2026-08-26,McFamily
R197,partner,P188,P804,,,marriage,1,1979-09-29,day,,,,,,2026-08-26,McFamily
RL0188,parent-child,P184,P188,lineal,biological,,188,,,,,,,,2026-08-26,McFamily
RN0188,parent-child,P800,P188,non-lineal,biological,,188,,,,,,,,2026-08-26,McFamily
R198,partner,P189,P805,,,marriage,1,,,,UNKNOWN,death,,,2026-08-26,McFamily
RL0189,parent-child,P183,P189,lineal,biological,,189,,,,,,,,2026-08-26,McFamily
RN0189,parent-child,P798,P189,non-lineal,biological,,189,,,,,,,,2026-08-26,McFamily
R199,partner,P190,P806,,,marriage,1,,,,,,,,2026-08-26,McFamily
RL0190,parent-child,P189,P190,lineal,biological,,190,,,,,,,,2026-08-26,McFamily
RN0190,parent-child,P805,P190,non-lineal,biological,,190,,,,,,,,2026-08-26,McFamily
R201,partner,P191,P808,,,marriage,1,1984-03-31,day,,UNKNOWN,UNKNOWN,,,2026-08-26,McFamily
R200,partner,P191,P807,,,marriage,2,,,,UNKNOWN,UNKNOWN,,,2026-08-26,McFamily
RL0191,parent-child,P189,P191,lineal,biological,,191,,,,,,,,2026-08-26,McFamily
RN0191,parent-child,P805,P191,non-lineal,biological,,191,,,,,,,,2026-08-26,McFamily
RL0192,parent-child,P189,P192,lineal,biological,,192,,,,,,,,2026-08-26,McFamily
RN0192,parent-child,P805,P192,non-lineal,biological,,192,,,,,,,,2026-08-26,McFamily
R202,partner,P193,P809,,,marriage,1,1981-06-06,day,,,,,,2026-08-26,McFamily
RL0193,parent-child,P189,P193,lineal,biological,,193,,,,,,,,2026-08-26,McFamily
RN0193,parent-child,P805,P193,non-lineal,biological,,193,,,,,,,,2026-08-26,McFamily
R203,partner,P194,P810,,,marriage,1,1986-01-04,day,,,,,,2026-08-26,McFamily
RL0194,parent-child,P189,P194,lineal,biological,,194,,,,,,,,2026-08-26,McFamily
RN0194,parent-child,P805,P194,non-lineal,biological,,194,,,,,,,,2026-08-26,McFamily
R204,partner,P195,P811,,,marriage,1,1956-12-29,day,,UNKNOWN,death,,,2026-08-26,McFamily
RL0195,parent-child,P183,P195,lineal,biological,,195,,,,,,,,2026-08-26,McFamily
RN0195,parent-child,P798,P195,non-lineal,biological,,195,,,,,,,,2026-08-26,McFamily
R205,partner,P196,P812,,,marriage,1,1958-05-31,day,,,,,,2026-08-26,McFamily
RL0196,parent-child,P183,P196,lineal,biological,,196,,,,,,,,2026-08-26,McFamily
RN0196,parent-child,P798,P196,non-lineal,biological,,196,,,,,,,,2026-08-26,McFamily
R206,partner,P197,P813,,,marriage,1,1991-05-25,day,,UNKNOWN,UNKNOWN,,,2026-08-26,McFamily
RL0197,parent-child,P196,P197,lineal,biological,,197,,,,,,,,2026-08-26,McFamily
RN0197,parent-child,P812,P197,non-lineal,biological,,197,,,,,,,,2026-08-26,McFamily
R207,partner,P198,P814,,,marriage,1,,,,UNKNOWN,UNKNOWN,,,2026-08-26,McFamily
RL0198,parent-child,P183,P198,lineal,biological,,198,,,,,,,,2026-08-26,McFamily
RN0198,parent-child,P798,P198,non-lineal,biological,,198,,,,,,,,2026-08-26,McFamily
RL0199,parent-child,P198,P199,lineal,biological,,199,,,,,,,,2026-08-26,McFamily
RN0199,parent-child,P814,P199,non-lineal,biological,,199,,,,,,,,2026-08-26,McFamily
R208,partner,P200,P815,,,marriage,1,????-05-09,partial,,UNKNOWN,UNKNOWN,,,2026-08-26,McFamily
RL0200,parent-child,P183,P200,lineal,biological,,200,,,,,,,,2026-08-26,McFamily
RN0200,parent-child,P798,P200,non-lineal,biological,,200,,,,,,,,2026-08-26,McFamily
R209,partner,P201,P816,,,marriage,1,1987-09-26,day,,,,,,2026-08-26,McFamily
RL0201,parent-child,P200,P201,lineal,biological,,201,,,,,,,,2026-08-26,McFamily
RN0201,parent-child,P815,P201,non-lineal,biological,,201,,,,,,,,2026-08-26,McFamily
RL0202,parent-child,P200,P202,lineal,biological,,202,,,,,,,,2026-08-26,McFamily
RN0202,parent-child,P815,P202,non-lineal,biological,,202,,,,,,,,2026-08-26,McFamily
R210,partner,P203,P817,,,marriage,1,1990-09-22,day,,UNKNOWN,UNKNOWN,,,2026-08-26,McFamily
RL0203,parent-child,P200,P203,lineal,biological,,203,,,,,,,,2026-08-26,McFamily
RN0203,parent-child,P815,P203,non-lineal,biological,,203,,,,,,,,2026-08-26,McFamily
R211,partner,P204,P818,,,marriage,1,1925-08-12,day,,UNKNOWN,death,,,2026-08-26,McFamily
RL0204,parent-child,P143,P204,lineal,biological,,204,,,,,,,,2026-08-26,McFamily
RN0204,parent-child,P755,P204,non-lineal,biological,,204,,,,,,,,2026-08-26,McFamily
R212,partner,P205,P819,,,marriage,1,1950-12-16,day,,,,,,2026-08-26,McFamily
RL0205,parent-child,P204,P205,lineal,biological,,205,,,,,,,,2026-08-26,McFamily
RN0205,parent-child,P818,P205,non-lineal,biological,,205,,,,,,,,2026-08-26,McFamily
R214,partner,P206,P821,,,marriage,1,1987-03-05,day,,UNKNOWN,UNKNOWN,,,2026-08-26,McFamily
R213,partner,P206,P820,,,marriage,2,,,,,,,,2026-08-26,McFamily
RL0206,parent-child,P205,P206,lineal,biological,,206,,,,,,,,2026-08-26,McFamily
RN0206,parent-child,P819,P206,non-lineal,biological,,206,,,,,,,,2026-08-26,McFamily
R215,partner,P207,P822,,,marriage,1,1985-05-27,day,,,,,,2026-08-26,McFamily
RL0207,parent-child,P205,P207,lineal,biological,,207,,,,,,,,2026-08-26,McFamily
RN0207,parent-child,P819,P207,non-lineal,biological,,207,,,,,,,,2026-08-26,McFamily
R216,partner,P208,P823,,,marriage,1,,,,UNKNOWN,UNKNOWN,,,2026-08-26,McFamily
RL0208,parent-child,P205,P208,lineal,biological,,208,,,,,,,,2026-08-26,McFamily
RN0208,parent-child,P819,P208,non-lineal,biological,,208,,,,,,,,2026-08-26,McFamily
R217,partner,P209,P824,,,marriage,1,1995-05-11,day,,,,,,2026-08-26,McFamily
RL0209,parent-child,P176,P209,lineal,biological,,209,,,,,,,,2026-08-26,McFamily
RN0209,parent-child,P791,P209,non-lineal,biological,,209,,,,,,,,2026-08-26,McFamily
R219,partner,P210,P826,,,marriage,1,1994-05-28,day,,UNKNOWN,death,,,2026-08-26,McFamily
R218,partner,P210,P825,,,marriage,2,,,,UNKNOWN,UNKNOWN,,,2026-08-26,McFamily
R220,partner,P211,P827,,,marriage,1,2001-04-28,day,,,,,,2026-08-26,McFamily
RL0211,parent-child,P161,P211,lineal,biological,,211,,,,,,,,2026-08-26,McFamily
RN0211,parent-child,P776,P211,non-lineal,biological,,211,,,,,,,,2026-08-26,McFamily
RL0212,parent-child,P161,P212,lineal,biological,,212,,,,,,,,2026-08-26,McFamily
RN0212,parent-child,P776,P212,non-lineal,biological,,212,,,,,,,,2026-08-26,McFamily
R221,partner,P213,P828,,,marriage,1,1993-07-03,day,,,,,,2026-08-26,McFamily
R222,partner,P214,P829,,,marriage,1,1995-07-15,day,,,,,,2026-08-26,McFamily
RL0214,parent-child,P181,P214,lineal,biological,,214,,,,,,,,2026-08-26,McFamily
RN0214,parent-child,P796,P214,non-lineal,biological,,214,,,,,,,,2026-08-26,McFamily
R223,partner,P215,P830,,,marriage,1,1994-11-12,day,,,,,,2026-08-26,McFamily
RL0215,parent-child,P065,P215,lineal,biological,,215,,,,,,,,2026-08-26,McFamily
RN0215,parent-child,P672,P215,non-lineal,biological,,215,,,,,,,,2026-08-26,McFamily
R224,partner,P216,P831,,,marriage,1,1996-09-21,day,,,,,,2026-08-26,McFamily
RL0216,parent-child,P181,P216,lineal,biological,,216,,,,,,,,2026-08-26,McFamily
RN0216,parent-child,P796,P216,non-lineal,biological,,216,,,,,,,,2026-08-26,McFamily
R225,partner,P217,P832,,,marriage,1,1997-07-04,day,,,,,,2026-08-26,McFamily
RL0217,parent-child,P164,P217,lineal,biological,,217,,,,,,,,2026-08-26,McFamily
RN0217,parent-child,P778,P217,non-lineal,biological,,217,,,,,,,,2026-08-26,McFamily
R226,partner,P218,P833,,,marriage,1,1995-11-11,day,,,,,,2026-08-26,McFamily
RL0218,parent-child,P176,P218,lineal,biological,,218,,,,,,,,2026-08-26,McFamily
RN0218,parent-child,P791,P218,non-lineal,biological,,218,,,,,,,,2026-08-26,McFamily
R227,partner,P219,P834,,,marriage,1,1996-05-11,day,,,,,,2026-08-26,McFamily
RL0219,parent-child,P200,P219,lineal,biological,,219,,,,,,,,2026-08-26,McFamily
RN0219,parent-child,P815,P219,non-lineal,biological,,219,,,,,,,,2026-08-26,McFamily
RL0220,parent-child,P103,P220,lineal,biological,,220,,,,,,,,2026-08-26,McFamily
RN0220,parent-child,P716,P220,non-lineal,biological,,220,,,,,,,,2026-08-26,McFamily
RL0221,parent-child,P103,P221,lineal,biological,,221,,,,,,,,2026-08-26,McFamily
RN0221,parent-child,P716,P221,non-lineal,biological,,221,,,,,,,,2026-08-26,McFamily
R229,partner,P222,P836,,,marriage,1,,,,UNKNOWN,UNKNOWN,,,2026-08-26,McFamily
R228,partner,P222,P835,,,marriage,2,,,,,,,,2026-08-26,McFamily
RL0222,parent-child,P113,P222,lineal,biological,,222,,,,,,,,2026-08-26,McFamily
RN0222,parent-child,P725,P222,non-lineal,biological,,222,,,,,,,,2026-08-26,McFamily
R230,partner,P223,P837,,,marriage,1,1997-05-17,day,,,,,,2026-08-26,McFamily
RL0223,parent-child,P131,P223,lineal,biological,,223,,,,,,,,2026-08-26,McFamily
RN0223,parent-child,P742,P223,non-lineal,biological,,223,,,,,,,,2026-08-26,McFamily
RL0224,parent-child,P034,P224,lineal,biological,,224,,,,,,,,2026-08-26,McFamily
RN0224,parent-child,P640,P224,non-lineal,biological,,224,,,,,,,,2026-08-26,McFamily
R231,partner,P225,P838,,,marriage,1,,,,,,,,2026-08-26,McFamily
RL0225,parent-child,P113,P225,lineal,biological,,225,,,,,,,,2026-08-26,McFamily
RN0225,parent-child,P725,P225,non-lineal,biological,,225,,,,,,,,2026-08-26,McFamily
RL0226,parent-child,P113,P226,lineal,biological,,226,,,,,,,,2026-08-26,McFamily
RN0226,parent-child,P725,P226,non-lineal,biological,,226,,,,,,,,2026-08-26,McFamily
R232,partner,P227,P839,,,marriage,1,1881-10-06,day,,UNKNOWN,death,,,2026-08-26,McFamily
RL0227,parent-child,P229,P227,lineal,biological,,227,,,,,,,,2026-08-26,McFamily
RN0227,parent-child,P841,P227,non-lineal,biological,,227,,,,,,,,2026-08-26,McFamily
R233,partner,P228,P840,,,marriage,1,,,,UNKNOWN,death,,,2026-08-26,McFamily
RL0228,parent-child,P044,P228,lineal,biological,,228,,,,,,,,2026-08-26,McFamily
RN0228,parent-child,P652,P228,non-lineal,biological,,228,,,,,,,,2026-08-26,McFamily
R234,partner,P229,P841,,,marriage,1,,,,UNKNOWN,death,,,2026-08-26,McFamily
RL0229,parent-child,P228,P229,lineal,biological,,229,,,,,,,,2026-08-26,McFamily
RN0229,parent-child,P840,P229,non-lineal,biological,,229,,,,,,,,2026-08-26,McFamily
RL0230,parent-child,P228,P230,lineal,biological,,230,,,,,,,,2026-08-26,McFamily
RN0230,parent-child,P840,P230,non-lineal,biological,,230,,,,,,,,2026-08-26,McFamily
R235,partner,P231,P842,,,marriage,1,,,,UNKNOWN,death,,,2026-08-26,McFamily
RL0231,parent-child,P228,P231,lineal,biological,,231,,,,,,,,2026-08-26,McFamily
RN0231,parent-child,P840,P231,non-lineal,biological,,231,,,,,,,,2026-08-26,McFamily
R236,partner,P232,P843,,,marriage,1,,,,UNKNOWN,death,,,2026-08-26,McFamily
RL0232,parent-child,P228,P232,lineal,biological,,232,,,,,,,,2026-08-26,McFamily
RN0232,parent-child,P840,P232,non-lineal,biological,,232,,,,,,,,2026-08-26,McFamily
R237,partner,P233,P844,,,marriage,1,,,,UNKNOWN,death,,,2026-08-26,McFamily
RL0233,parent-child,P228,P233,lineal,biological,,233,,,,,,,,2026-08-26,McFamily
RN0233,parent-child,P840,P233,non-lineal,biological,,233,,,,,,,,2026-08-26,McFamily
RL0234,parent-child,P229,P234,lineal,biological,,234,,,,,,,,2026-08-26,McFamily
RN0234,parent-child,P841,P234,non-lineal,biological,,234,,,,,,,,2026-08-26,McFamily
RL0235,parent-child,P229,P235,lineal,biological,,235,,,,,,,,2026-08-26,McFamily
RN0235,parent-child,P841,P235,non-lineal,biological,,235,,,,,,,,2026-08-26,McFamily
RL0236,parent-child,P229,P236,lineal,biological,,236,,,,,,,,2026-08-26,McFamily
RN0236,parent-child,P841,P236,non-lineal,biological,,236,,,,,,,,2026-08-26,McFamily
RL0237,parent-child,P229,P237,lineal,biological,,237,,,,,,,,2026-08-26,McFamily
RN0237,parent-child,P841,P237,non-lineal,biological,,237,,,,,,,,2026-08-26,McFamily
R238,partner,P238,P845,,,marriage,1,1997-08-16,day,,,,,,2026-08-26,McFamily
RL0238,parent-child,P129,P238,lineal,biological,,238,,,,,,,,2026-08-26,McFamily
RN0238,parent-child,P739,P238,non-lineal,biological,,238,,,,,,,,2026-08-26,McFamily
RL0239,parent-child,P078,P239,lineal,biological,,239,,,,,,,,2026-08-26,McFamily
RN0239,parent-child,P688,P239,non-lineal,biological,,239,,,,,,,,2026-08-26,McFamily
RL0240,parent-child,P060,P240,lineal,biological,,240,,,,,,,,2026-08-26,McFamily
RL0241,parent-child,P061,P241,lineal,biological,,241,,,,,,,,2026-08-26,McFamily
RN0241,parent-child,P668,P241,non-lineal,biological,,241,,,,,,,,2026-08-26,McFamily
RL0242,parent-child,P062,P242,lineal,biological,,242,,,,,,,,2026-08-26,McFamily
RN0242,parent-child,P669,P242,non-lineal,biological,,242,,,,,,,,2026-08-26,McFamily
RL0243,parent-child,P063,P243,lineal,biological,,243,,,,,,,,2026-08-26,McFamily
RN0243,parent-child,P670,P243,non-lineal,biological,,243,,,,,,,,2026-08-26,McFamily
RL0244,parent-child,P012,P244,lineal,biological,,244,,,,,,,,2026-08-26,McFamily
RN0244,parent-child,P913,P244,non-lineal,biological,,244,,,,,,,,2026-08-26,McFamily
R239,partner,P245,P846,,,marriage,1,1998-06-06,day,,,,,,2026-08-26,McFamily
RL0245,parent-child,P181,P245,lineal,biological,,245,,,,,,,,2026-08-26,McFamily
RN0245,parent-child,P796,P245,non-lineal,biological,,245,,,,,,,,2026-08-26,McFamily
RL0246,parent-child,P142,P246,lineal,biological,,246,,,,,,,,2026-08-26,McFamily
RN0246,parent-child,P754,P246,non-lineal,biological,,246,,,,,,,,2026-08-26,McFamily
R240,partner,P247,P847,,,marriage,1,1998-02-21,day,,,,,,2026-08-26,McFamily
RL0247,parent-child,P031,P247,lineal,biological,,247,,,,,,,,2026-08-26,McFamily
RN0247,parent-child,P637,P247,non-lineal,biological,,247,,,,,,,,2026-08-26,McFamily
R241,partner,P248,P848,,,marriage,1,1998-05-16,day,,,,,,2026-08-26,McFamily
RL0248,parent-child,P125,P248,lineal,biological,,248,,,,,,,,2026-08-26,McFamily
RN0248,parent-child,P736,P248,non-lineal,biological,,248,,,,,,,,2026-08-26,McFamily
RL0249,parent-child,P222,P249,lineal,biological,,249,,,,,,,,2026-08-26,McFamily
RN0249,parent-child,P836,P249,non-lineal,biological,,249,,,,,,,,2026-08-26,McFamily
RL0250,parent-child,P222,P250,lineal,biological,,250,,,,,,,,2026-08-26,McFamily
RL0251,parent-child,P083,P251,lineal,biological,,251,,,,,,,,2026-08-26,McFamily
RN0251,parent-child,P693,P251,non-lineal,biological,,251,,,,,,,,2026-08-26,McFamily
R242,partner,P252,P849,,,marriage,1,1998-11-??,partial,,,,,,2026-08-26,McFamily
RL0252,parent-child,P125,P252,lineal,biological,,252,,,,,,,,2026-08-26,McFamily
RN0252,parent-child,P736,P252,non-lineal,biological,,252,,,,,,,,2026-08-26,McFamily
RL0253,parent-child,P116,P253,lineal,biological,,253,,,,,,,,2026-08-26,McFamily
RN0253,parent-child,P727,P253,non-lineal,biological,,253,,,,,,,,2026-08-26,McFamily
RL0254,parent-child,P035,P254,lineal,biological,,254,,,,,,,,2026-08-26,McFamily
RN0254,parent-child,P641,P254,non-lineal,biological,,254,,,,,,,,2026-08-26,McFamily
R243,partner,P255,P850,,,marriage,1,1997-05-??,partial,,,,,,2026-08-26,McFamily
RL0255,parent-child,P041,P255,lineal,biological,,255,,,,,,,,2026-08-26,McFamily
RL0256,parent-child,P122,P256,lineal,biological,,256,,,,,,,,2026-08-26,McFamily
RN0256,parent-child,P733,P256,non-lineal,biological,,256,,,,,,,,2026-08-26,McFamily
RL0257,parent-child,P131,P257,lineal,biological,,257,,,,,,,,2026-08-26,McFamily
RN0257,parent-child,P742,P257,non-lineal,biological,,257,,,,,,,,2026-08-26,McFamily
RL0258,parent-child,P043,P258,lineal,biological,,258,,,,,,,,2026-08-26,McFamily
RN0258,parent-child,P651,P258,non-lineal,biological,,258,,,,,,,,2026-08-26,McFamily
RL0259,parent-child,P042,P259,lineal,biological,,259,,,,,,,,2026-08-26,McFamily
RN0259,parent-child,P650,P259,non-lineal,biological,,259,,,,,,,,2026-08-26,McFamily
RL0260,parent-child,P042,P260,lineal,biological,,260,,,,,,,,2026-08-26,McFamily
RN0260,parent-child,P650,P260,non-lineal,biological,,260,,,,,,,,2026-08-26,McFamily
RL0261,parent-child,P041,P261,lineal,biological,,261,,,,,,,,2026-08-26,McFamily
RL0262,parent-child,P077,P262,lineal,biological,,262,,,,,,,,2026-08-26,McFamily
RN0262,parent-child,P687,P262,non-lineal,biological,,262,,,,,,,,2026-08-26,McFamily
RL0263,parent-child,P077,P263,lineal,biological,,263,,,,,,,,2026-08-26,McFamily
RN0263,parent-child,P687,P263,non-lineal,biological,,263,,,,,,,,2026-08-26,McFamily
RL0264,parent-child,P077,P264,lineal,biological,,264,,,,,,,,2026-08-26,McFamily
RN0264,parent-child,P687,P264,non-lineal,biological,,264,,,,,,,,2026-08-26,McFamily
RL0265,parent-child,P079,P265,lineal,biological,,265,,,,,,,,2026-08-26,McFamily
RN0265,parent-child,P689,P265,non-lineal,biological,,265,,,,,,,,2026-08-26,McFamily
R244,partner,P266,P851,,,marriage,1,2013-06-15,day,,,,,,2026-08-26,McFamily
RL0266,parent-child,P079,P266,lineal,biological,,266,,,,,,,,2026-08-26,McFamily
RN0266,parent-child,P689,P266,non-lineal,biological,,266,,,,,,,,2026-08-26,McFamily
RL0267,parent-child,P079,P267,lineal,biological,,267,,,,,,,,2026-08-26,McFamily
RN0267,parent-child,P689,P267,non-lineal,biological,,267,,,,,,,,2026-08-26,McFamily
RL0268,parent-child,P082,P268,lineal,biological,,268,,,,,,,,2026-08-26,McFamily
RN0268,parent-child,P692,P268,non-lineal,biological,,268,,,,,,,,2026-08-26,McFamily
RL0269,parent-child,P082,P269,lineal,biological,,269,,,,,,,,2026-08-26,McFamily
RN0269,parent-child,P692,P269,non-lineal,biological,,269,,,,,,,,2026-08-26,McFamily
RL0270,parent-child,P082,P270,lineal,biological,,270,,,,,,,,2026-08-26,McFamily
RN0270,parent-child,P692,P270,non-lineal,biological,,270,,,,,,,,2026-08-26,McFamily
RL0271,parent-child,P081,P271,lineal,biological,,271,,,,,,,,2026-08-26,McFamily
RN0271,parent-child,P691,P271,non-lineal,biological,,271,,,,,,,,2026-08-26,McFamily
RL0272,parent-child,P081,P272,lineal,biological,,272,,,,,,,,2026-08-26,McFamily
RN0272,parent-child,P691,P272,non-lineal,biological,,272,,,,,,,,2026-08-26,McFamily
R245,partner,P273,P852,,,marriage,1,2009-10-09,day,,,,,,2026-08-26,McFamily
RL0273,parent-child,P085,P273,lineal,biological,,273,,,,,,,,2026-08-26,McFamily
RN0273,parent-child,P695,P273,non-lineal,biological,,273,,,,,,,,2026-08-26,McFamily
RL0274,parent-child,P085,P274,lineal,biological,,274,,,,,,,,2026-08-26,McFamily
RN0274,parent-child,P695,P274,non-lineal,biological,,274,,,,,,,,2026-08-26,McFamily
R246,partner,P275,P853,,,marriage,1,2006-05-27,day,,,,,,2026-08-26,McFamily
RL0275,parent-child,P086,P275,lineal,biological,,275,,,,,,,,2026-08-26,McFamily
RN0275,parent-child,P696,P275,non-lineal,biological,,275,,,,,,,,2026-08-26,McFamily
R247,partner,P276,P854,,,marriage,1,2012-07-14,day,,,,,,2026-08-26,McFamily
RL0276,parent-child,P086,P276,lineal,biological,,276,,,,,,,,2026-08-26,McFamily
RN0276,parent-child,P696,P276,non-lineal,biological,,276,,,,,,,,2026-08-26,McFamily
RL0277,parent-child,P087,P277,lineal,biological,,277,,,,,,,,2026-08-26,McFamily
RN0277,parent-child,P697,P277,non-lineal,biological,,277,,,,,,,,2026-08-26,McFamily
RL0278,parent-child,P087,P278,lineal,biological,,278,,,,,,,,2026-08-26,McFamily
RN0278,parent-child,P697,P278,non-lineal,biological,,278,,,,,,,,2026-08-26,McFamily
R248,partner,P279,P855,,,marriage,1,2005-09-17,day,,,,,,2026-08-26,McFamily
RL0279,parent-child,P088,P279,lineal,biological,,279,,,,,,,,2026-08-26,McFamily
RN0279,parent-child,P698,P279,non-lineal,biological,,279,,,,,,,,2026-08-26,McFamily
RL0280,parent-child,P088,P280,lineal,biological,,280,,,,,,,,2026-08-26,McFamily
RN0280,parent-child,P698,P280,non-lineal,biological,,280,,,,,,,,2026-08-26,McFamily
RL0281,parent-child,P090,P281,lineal,biological,,281,,,,,,,,2026-08-26,McFamily
RN0281,parent-child,P700,P281,non-lineal,biological,,281,,,,,,,,2026-08-26,McFamily
R249,partner,P282,P856,,,marriage,1,2005-05-21,day,,,,,,2026-08-26,McFamily
RL0282,parent-child,P090,P282,lineal,biological,,282,,,,,,,,2026-08-26,McFamily
RN0282,parent-child,P700,P282,non-lineal,biological,,282,,,,,,,,2026-08-26,McFamily
R250,partner,P283,P857,,,marriage,1,2004-09-18,day,,,,,,2026-08-26,McFamily
RL0283,parent-child,P090,P283,lineal,biological,,283,,,,,,,,2026-08-26,McFamily
RN0283,parent-child,P700,P283,non-lineal,biological,,283,,,,,,,,2026-08-26,McFamily
R251,partner,P284,P858,,,marriage,1,2000-03-04,day,,,,,,2026-08-26,McFamily
RL0284,parent-child,P091,P284,lineal,biological,,284,,,,,,,,2026-08-26,McFamily
RN0284,parent-child,P701,P284,non-lineal,biological,,284,,,,,,,,2026-08-26,McFamily
RL0285,parent-child,P091,P285,lineal,biological,,285,,,,,,,,2026-08-26,McFamily
RN0285,parent-child,P701,P285,non-lineal,biological,,285,,,,,,,,2026-08-26,McFamily
R252,partner,P286,P859,,,marriage,1,2002-06-01,day,,,,,,2026-08-26,McFamily
RL0286,parent-child,P091,P286,lineal,biological,,286,,,,,,,,2026-08-26,McFamily
RN0286,parent-child,P701,P286,non-lineal,biological,,286,,,,,,,,2026-08-26,McFamily
RL0287,parent-child,P092,P287,lineal,biological,,287,,,,,,,,2026-08-26,McFamily
RN0287,parent-child,P702,P287,non-lineal,biological,,287,,,,,,,,2026-08-26,McFamily
R253,partner,P288,P860,,,marriage,1,2000-04-22,day,,,,,,2026-08-26,McFamily
RL0288,parent-child,P099,P288,lineal,biological,,288,,,,,,,,2026-08-26,McFamily
RN0288,parent-child,P712,P288,non-lineal,biological,,288,,,,,,,,2026-08-26,McFamily
R254,partner,P289,P861,,,marriage,1,2004-12,month,,,,,,2026-08-26,McFamily
RL0289,parent-child,P099,P289,lineal,biological,,289,,,,,,,,2026-08-26,McFamily
RN0289,parent-child,P712,P289,non-lineal,biological,,289,,,,,,,,2026-08-26,McFamily
RL0290,parent-child,P100,P290,lineal,biological,,290,,,,,,,,2026-08-26,McFamily
RN0290,parent-child,P713,P290,non-lineal,biological,,290,,,,,,,,2026-08-26,McFamily
RL0291,parent-child,P100,P291,lineal,biological,,291,,,,,,,,2026-08-26,McFamily
RN0291,parent-child,P713,P291,non-lineal,biological,,291,,,,,,,,2026-08-26,McFamily
RL0292,parent-child,P100,P292,lineal,biological,,292,,,,,,,,2026-08-26,McFamily
RN0292,parent-child,P713,P292,non-lineal,biological,,292,,,,,,,,2026-08-26,McFamily
RL0293,parent-child,P102,P293,lineal,biological,,293,,,,,,,,2026-08-26,McFamily
RN0293,parent-child,P715,P293,non-lineal,biological,,293,,,,,,,,2026-08-26,McFamily
RL0294,parent-child,P102,P294,lineal,biological,,294,,,,,,,,2026-08-26,McFamily
RN0294,parent-child,P715,P294,non-lineal,biological,,294,,,,,,,,2026-08-26,McFamily
RL0295,parent-child,P102,P295,lineal,biological,,295,,,,,,,,2026-08-26,McFamily
RN0295,parent-child,P715,P295,non-lineal,biological,,295,,,,,,,,2026-08-26,McFamily
RL0296,parent-child,P101,P296,lineal,biological,,296,,,,,,,,2026-08-26,McFamily
RN0296,parent-child,P714,P296,non-lineal,biological,,296,,,,,,,,2026-08-26,McFamily
RL0297,parent-child,P101,P297,lineal,biological,,297,,,,,,,,2026-08-26,McFamily
RN0297,parent-child,P714,P297,non-lineal,biological,,297,,,,,,,,2026-08-26,McFamily
RL0298,parent-child,P101,P298,lineal,biological,,298,,,,,,,,2026-08-26,McFamily
RN0298,parent-child,P714,P298,non-lineal,biological,,298,,,,,,,,2026-08-26,McFamily
RL0299,parent-child,P105,P299,lineal,biological,,299,,,,,,,,2026-08-26,McFamily
R255,partner,P300,P862,,,marriage,1,,,,,,,,2026-08-26,McFamily
RL0300,parent-child,P106,P300,lineal,biological,,300,,,,,,,,2026-08-26,McFamily
RN0300,parent-child,P718,P300,non-lineal,biological,,300,,,,,,,,2026-08-26,McFamily
RL0301,parent-child,P106,P301,lineal,biological,,301,,,,,,,,2026-08-26,McFamily
RN0301,parent-child,P718,P301,non-lineal,biological,,301,,,,,,,,2026-08-26,McFamily
RL0302,parent-child,P106,P302,lineal,biological,,302,,,,,,,,2026-08-26,McFamily
RN0302,parent-child,P718,P302,non-lineal,biological,,302,,,,,,,,2026-08-26,McFamily
RL0303,parent-child,P107,P303,lineal,biological,,303,,,,,,,,2026-08-26,McFamily
RN0303,parent-child,P719,P303,non-lineal,biological,,303,,,,,,,,2026-08-26,McFamily
RL0304,parent-child,P107,P304,lineal,biological,,304,,,,,,,,2026-08-26,McFamily
RN0304,parent-child,P719,P304,non-lineal,biological,,304,,,,,,,,2026-08-26,McFamily
RL0305,parent-child,P104,P305,lineal,biological,,305,,,,,,,,2026-08-26,McFamily
RL0306,parent-child,P109,P306,lineal,biological,,306,,,,,,,,2026-08-26,McFamily
RN0306,parent-child,P721,P306,non-lineal,biological,,306,,,,,,,,2026-08-26,McFamily
RL0307,parent-child,P109,P307,lineal,biological,,307,,,,,,,,2026-08-26,McFamily
RN0307,parent-child,P721,P307,non-lineal,biological,,307,,,,,,,,2026-08-26,McFamily
RL0308,parent-child,P110,P308,lineal,biological,,308,,,,,,,,2026-08-26,McFamily
RN0308,parent-child,P722,P308,non-lineal,biological,,308,,,,,,,,2026-08-26,McFamily
RL0309,parent-child,P111,P309,lineal,biological,,309,,,,,,,,2026-08-26,McFamily
RN0309,parent-child,P723,P309,non-lineal,biological,,309,,,,,,,,2026-08-26,McFamily
RL0310,parent-child,P112,P310,lineal,biological,,310,,,,,,,,2026-08-26,McFamily
RN0310,parent-child,P724,P310,non-lineal,biological,,310,,,,,,,,2026-08-26,McFamily
RL0311,parent-child,P112,P311,lineal,biological,,311,,,,,,,,2026-08-26,McFamily
RN0311,parent-child,P724,P311,non-lineal,biological,,311,,,,,,,,2026-08-26,McFamily
RL0312,parent-child,P225,P312,lineal,biological,,312,,,,,,,,2026-08-26,McFamily
RN0312,parent-child,P838,P312,non-lineal,biological,,312,,,,,,,,2026-08-26,McFamily
RL0313,parent-child,P225,P313,lineal,biological,,313,,,,,,,,2026-08-26,McFamily
RN0313,parent-child,P838,P313,non-lineal,biological,,313,,,,,,,,2026-08-26,McFamily
R256,partner,P314,P863,,,marriage,1,2009-03-21,day,,,,,,2026-08-26,McFamily
RL0314,parent-child,P118,P314,lineal,biological,,314,,,,,,,,2026-08-26,McFamily
RN0314,parent-child,P729,P314,non-lineal,biological,,314,,,,,,,,2026-08-26,McFamily
R257,partner,P315,P864,,,marriage,1,2003-03-21,day,,,,,,2026-08-26,McFamily
RL0315,parent-child,P118,P315,lineal,biological,,315,,,,,,,,2026-08-26,McFamily
RN0315,parent-child,P729,P315,non-lineal,biological,,315,,,,,,,,2026-08-26,McFamily
RL0316,parent-child,P118,P316,lineal,biological,,316,,,,,,,,2026-08-26,McFamily
RN0316,parent-child,P729,P316,non-lineal,biological,,316,,,,,,,,2026-08-26,McFamily
R258,partner,P317,P865,,,marriage,1,2007-06-02,day,,UNKNOWN,UNKNOWN,,,2026-08-26,McFamily
RL0317,parent-child,P118,P317,lineal,biological,,317,,,,,,,,2026-08-26,McFamily
RN0317,parent-child,P729,P317,non-lineal,biological,,317,,,,,,,,2026-08-26,McFamily
RL0318,parent-child,P118,P318,lineal,biological,,318,,,,,,,,2026-08-26,McFamily
RN0318,parent-child,P729,P318,non-lineal,biological,,318,,,,,,,,2026-08-26,McFamily
R259,partner,P319,P866,,,marriage,1,2011-08-20,day,,,,,,2026-08-26,McFamily
RL0319,parent-child,P118,P319,lineal,biological,,319,,,,,,,,2026-08-26,McFamily
RN0319,parent-child,P729,P319,non-lineal,biological,,319,,,,,,,,2026-08-26,McFamily
RL0320,parent-child,P118,P320,lineal,biological,,320,,,,,,,,2026-08-26,McFamily
RN0320,parent-child,P729,P320,non-lineal,biological,,320,,,,,,,,2026-08-26,McFamily
RL0321,parent-child,P120,P321,lineal,biological,,321,,,,,,,,2026-08-26,McFamily
RN0321,parent-child,P731,P321,non-lineal,biological,,321,,,,,,,,2026-08-26,McFamily
RL0322,parent-child,P120,P322,lineal,biological,,322,,,,,,,,2026-08-26,McFamily
RN0322,parent-child,P731,P322,non-lineal,biological,,322,,,,,,,,2026-08-26,McFamily
RL0323,parent-child,P120,P323,lineal,biological,,323,,,,,,,,2026-08-26,McFamily
RN0323,parent-child,P731,P323,non-lineal,biological,,323,,,,,,,,2026-08-26,McFamily
RL0324,parent-child,P120,P324,lineal,biological,,324,,,,,,,,2026-08-26,McFamily
RN0324,parent-child,P731,P324,non-lineal,biological,,324,,,,,,,,2026-08-26,McFamily
RL0325,parent-child,P120,P325,lineal,biological,,325,,,,,,,,2026-08-26,McFamily
RN0325,parent-child,P731,P325,non-lineal,biological,,325,,,,,,,,2026-08-26,McFamily
RL0326,parent-child,P119,P326,lineal,biological,,326,,,,,,,,2026-08-26,McFamily
RN0326,parent-child,P730,P326,non-lineal,biological,,326,,,,,,,,2026-08-26,McFamily
RL0327,parent-child,P119,P327,lineal,biological,,327,,,,,,,,2026-08-26,McFamily
RN0327,parent-child,P730,P327,non-lineal,biological,,327,,,,,,,,2026-08-26,McFamily
RL0328,parent-child,P119,P328,lineal,biological,,328,,,,,,,,2026-08-26,McFamily
RN0328,parent-child,P730,P328,non-lineal,biological,,328,,,,,,,,2026-08-26,McFamily
RL0329,parent-child,P121,P329,lineal,biological,,329,,,,,,,,2026-08-26,McFamily
RN0329,parent-child,P732,P329,non-lineal,biological,,329,,,,,,,,2026-08-26,McFamily
RL0330,parent-child,P121,P330,lineal,biological,,330,,,,,,,,2026-08-26,McFamily
RN0330,parent-child,P732,P330,non-lineal,biological,,330,,,,,,,,2026-08-26,McFamily
RL0331,parent-child,P123,P331,lineal,biological,,331,,,,,,,,2026-08-26,McFamily
RN0331,parent-child,P734,P331,non-lineal,biological,,331,,,,,,,,2026-08-26,McFamily
RL0332,parent-child,P123,P332,lineal,biological,,332,,,,,,,,2026-08-26,McFamily
RN0332,parent-child,P734,P332,non-lineal,biological,,332,,,,,,,,2026-08-26,McFamily
RL0333,parent-child,P124,P333,lineal,biological,,333,,,,,,,,2026-08-26,McFamily
RN0333,parent-child,P735,P333,non-lineal,biological,,333,,,,,,,,2026-08-26,McFamily
RL0334,parent-child,P124,P334,lineal,biological,,334,,,,,,,,2026-08-26,McFamily
RN0334,parent-child,P735,P334,non-lineal,biological,,334,,,,,,,,2026-08-26,McFamily
RL0335,parent-child,P126,P335,lineal,biological,,335,,,,,,,,2026-08-26,McFamily
RN0335,parent-child,P737,P335,non-lineal,biological,,335,,,,,,,,2026-08-26,McFamily
RL0336,parent-child,P126,P336,lineal,biological,,336,,,,,,,,2026-08-26,McFamily
RN0336,parent-child,P737,P336,non-lineal,biological,,336,,,,,,,,2026-08-26,McFamily
RL0337,parent-child,P126,P337,lineal,biological,,337,,,,,,,,2026-08-26,McFamily
RN0337,parent-child,P737,P337,non-lineal,biological,,337,,,,,,,,2026-08-26,McFamily
RL0338,parent-child,P049,P338,lineal,biological,,338,,,,,,,,2026-08-26,McFamily
RN0338,parent-child,P657,P338,non-lineal,biological,,338,,,,,,,,2026-08-26,McFamily
RL0339,parent-child,P050,P339,lineal,biological,,339,,,,,,,,2026-08-26,McFamily
RN0339,parent-child,P658,P339,non-lineal,biological,,339,,,,,,,,2026-08-26,McFamily
RL0340,parent-child,P051,P340,lineal,biological,,340,,,,,,,,2026-08-26,McFamily
RN0340,parent-child,P659,P340,non-lineal,biological,,340,,,,,,,,2026-08-26,McFamily
RL0341,parent-child,P051,P341,lineal,biological,,341,,,,,,,,2026-08-26,McFamily
RN0341,parent-child,P659,P341,non-lineal,biological,,341,,,,,,,,2026-08-26,McFamily
R260,partner,P342,P867,,,marriage,1,1986-02-15,day,,UNKNOWN,UNKNOWN,,,2026-08-26,McFamily
RL0342,parent-child,P055,P342,lineal,biological,,342,,,,,,,,2026-08-26,McFamily
RN0342,parent-child,P663,P342,non-lineal,biological,,342,,,,,,,,2026-08-26,McFamily
RL0343,parent-child,P054,P343,lineal,biological,,343,,,,,,,,2026-08-26,McFamily
RN0343,parent-child,P662,P343,non-lineal,biological,,343,,,,,,,,2026-08-26,McFamily
RL0344,parent-child,P053,P344,lineal,biological,,344,,,,,,,,2026-08-26,McFamily
RN0344,parent-child,P661,P344,non-lineal,biological,,344,,,,,,,,2026-08-26,McFamily
RL0345,parent-child,P053,P345,lineal,biological,,345,,,,,,,,2026-08-26,McFamily
RN0345,parent-child,P661,P345,non-lineal,biological,,345,,,,,,,,2026-08-26,McFamily
RL0346,parent-child,P058,P346,lineal,biological,,346,,,,,,,,2026-08-26,McFamily
RN0346,parent-child,P665,P346,non-lineal,biological,,346,,,,,,,,2026-08-26,McFamily
RL0347,parent-child,P067,P347,lineal,biological,,347,,,,,,,,2026-08-26,McFamily
RN0347,parent-child,P675,P347,non-lineal,biological,,347,,,,,,,,2026-08-26,McFamily
RL0348,parent-child,P067,P348,lineal,biological,,348,,,,,,,,2026-08-26,McFamily
RN0348,parent-child,P675,P348,non-lineal,biological,,348,,,,,,,,2026-08-26,McFamily
RL0349,parent-child,P068,P349,lineal,biological,,349,,,,,,,,2026-08-26,McFamily
RN0349,parent-child,P676,P349,non-lineal,biological,,349,,,,,,,,2026-08-26,McFamily
RL0350,parent-child,P068,P350,lineal,biological,,350,,,,,,,,2026-08-26,McFamily
RN0350,parent-child,P676,P350,non-lineal,biological,,350,,,,,,,,2026-08-26,McFamily
RL0351,parent-child,P069,P351,lineal,biological,,351,,,,,,,,2026-08-26,McFamily
RN0351,parent-child,P677,P351,non-lineal,biological,,351,,,,,,,,2026-08-26,McFamily
R261,partner,P352,P868,,,marriage,1,1972-07-16,day,,UNKNOWN,death,,,2026-08-26,McFamily
RL0352,parent-child,P064,P352,lineal,biological,,352,,,,,,,,2026-08-26,McFamily
RN0352,parent-child,P671,P352,non-lineal,biological,,352,,,,,,,,2026-08-26,McFamily
RL0353,parent-child,P071,P353,lineal,biological,,353,,,,,,,,2026-08-26,McFamily
RN0353,parent-child,P680,P353,non-lineal,biological,,353,,,,,,,,2026-08-26,McFamily
RL0354,parent-child,P071,P354,lineal,biological,,354,,,,,,,,2026-08-26,McFamily
RN0354,parent-child,P680,P354,non-lineal,biological,,354,,,,,,,,2026-08-26,McFamily
RL0355,parent-child,P071,P355,lineal,biological,,355,,,,,,,,2026-08-26,McFamily
RN0355,parent-child,P680,P355,non-lineal,biological,,355,,,,,,,,2026-08-26,McFamily
R262,partner,P356,P869,,,marriage,1,,,,,,,,2026-08-26,McFamily
RL0356,parent-child,P072,P356,lineal,biological,,356,,,,,,,,2026-08-26,McFamily
RN0356,parent-child,P681,P356,non-lineal,biological,,356,,,,,,,,2026-08-26,McFamily
R263,partner,P357,P870,,,marriage,1,,,,,,,,2026-08-26,McFamily
RL0357,parent-child,P072,P357,lineal,biological,,357,,,,,,,,2026-08-26,McFamily
RN0357,parent-child,P681,P357,non-lineal,biological,,357,,,,,,,,2026-08-26,McFamily
R264,partner,P358,P871,,,marriage,1,1992-05-09,day,,,,,,2026-08-26,McFamily
RL0358,parent-child,P073,P358,lineal,biological,,358,,,,,,,,2026-08-26,McFamily
RN0358,parent-child,P682,P358,non-lineal,biological,,358,,,,,,,,2026-08-26,McFamily
RL0359,parent-child,P073,P359,lineal,biological,,359,,,,,,,,2026-08-26,McFamily
RN0359,parent-child,P682,P359,non-lineal,biological,,359,,,,,,,,2026-08-26,McFamily
RL0360,parent-child,P073,P360,lineal,biological,,360,,,,,,,,2026-08-26,McFamily
RN0360,parent-child,P682,P360,non-lineal,biological,,360,,,,,,,,2026-08-26,McFamily
RL0361,parent-child,P003,P361,lineal,biological,,361,,,,,,,,2026-08-26,McFamily
RN0361,parent-child,P610,P361,non-lineal,biological,,361,,,,,,,,2026-08-26,McFamily
RL0362,parent-child,P033,P362,lineal,biological,,362,,,,,,,,2026-08-26,McFamily
RN0362,parent-child,P639,P362,non-lineal,biological,,362,,,,,,,,2026-08-26,McFamily
RL0363,parent-child,P227,P363,lineal,biological,,363,,,,,,,,2026-08-26,McFamily
RN0363,parent-child,P839,P363,non-lineal,biological,,363,,,,,,,,2026-08-26,McFamily
R265,partner,P364,P872,,,marriage,1,2000-07-29,day,,,,,,2026-08-26,McFamily
RL0364,parent-child,P031,P364,lineal,biological,,364,,,,,,,,2026-08-26,McFamily
RN0364,parent-child,P637,P364,non-lineal,biological,,364,,,,,,,,2026-08-26,McFamily
RL0365,parent-child,P027,P365,lineal,biological,,365,,,,,,,,2026-08-26,McFamily
RN0365,parent-child,P634,P365,non-lineal,biological,,365,,,,,,,,2026-08-26,McFamily
RL0366,parent-child,P028,P366,lineal,biological,,366,,,,,,,,2026-08-26,McFamily
RN0366,parent-child,P636,P366,non-lineal,biological,,366,,,,,,,,2026-08-26,McFamily
R266,partner,P367,P873,,,marriage,1,,,,,,,,2026-08-26,McFamily
RL0367,parent-child,P014,P367,lineal,biological,,367,,,,,,,,2026-08-26,McFamily
RN0367,parent-child,P620,P367,non-lineal,biological,,367,,,,,,,,2026-08-26,McFamily
RL0368,parent-child,P016,P368,lineal,biological,,368,,,,,,,,2026-08-26,McFamily
RL0369,parent-child,P016,P369,lineal,biological,,369,,,,,,,,2026-08-26,McFamily
RN0369,parent-child,P622,P369,non-lineal,biological,,369,,,,,,,,2026-08-26,McFamily
RL0370,parent-child,P016,P370,lineal,biological,,370,,,,,,,,2026-08-26,McFamily
RN0370,parent-child,P622,P370,non-lineal,biological,,370,,,,,,,,2026-08-26,McFamily
RL0371,parent-child,P015,P371,lineal,biological,,371,,,,,,,,2026-08-26,McFamily
RN0371,parent-child,P621,P371,non-lineal,biological,,371,,,,,,,,2026-08-26,McFamily
R267,partner,P372,P874,,,marriage,1,2013-08-02,day,,,,,,2026-08-26,McFamily
RL0372,parent-child,P001,P372,lineal,biological,,372,,,,,,,,2026-08-26,McFamily
RN0372,parent-child,P608,P372,non-lineal,biological,,372,,,,,,,,2026-08-26,McFamily
RL0373,parent-child,P001,P373,lineal,biological,,373,,,,,,,,2026-08-26,McFamily
RN0373,parent-child,P608,P373,non-lineal,biological,,373,,,,,,,,2026-08-26,McFamily
RL0374,parent-child,P017,P374,lineal,biological,,374,,,,,,,,2026-08-26,McFamily
RN0374,parent-child,P623,P374,non-lineal,biological,,374,,,,,,,,2026-08-26,McFamily
R268,partner,P375,P875,,,marriage,1,,,,,,,,2026-08-26,McFamily
RL0375,parent-child,P018,P375,lineal,biological,,375,,,,,,,,2026-08-26,McFamily
RN0375,parent-child,P624,P375,non-lineal,biological,,375,,,,,,,,2026-08-26,McFamily
RL0376,parent-child,P018,P376,lineal,biological,,376,,,,,,,,2026-08-26,McFamily
RN0376,parent-child,P624,P376,non-lineal,biological,,376,,,,,,,,2026-08-26,McFamily
RL0377,parent-child,P009,P377,lineal,biological,,377,,,,,,,,2026-08-26,McFamily
RN0377,parent-child,P615,P377,non-lineal,biological,,377,,,,,,,,2026-08-26,McFamily
R269,partner,P378,P876,,,marriage,1,2010-09-25,day,,,,,,2026-08-26,McFamily
RL0378,parent-child,P006,P378,lineal,biological,,378,,,,,,,,2026-08-26,McFamily
RN0378,parent-child,P613,P378,non-lineal,biological,,378,,,,,,,,2026-08-26,McFamily
RL0379,parent-child,P006,P379,lineal,biological,,379,,,,,,,,2026-08-26,McFamily
RN0379,parent-child,P613,P379,non-lineal,biological,,379,,,,,,,,2026-08-26,McFamily
R270,partner,P380,P877,,,marriage,2,2012-11-17,day,,,,,,2026-08-26,McFamily
RL0380,parent-child,P006,P380,lineal,biological,,380,,,,,,,,2026-08-26,McFamily
RN0380,parent-child,P613,P380,non-lineal,biological,,380,,,,,,,,2026-08-26,McFamily
R271,partner,P381,P878,,,marriage,1,2006-06-10,day,,,,,,2026-08-26,McFamily
RL0381,parent-child,P006,P381,lineal,biological,,381,,,,,,,,2026-08-26,McFamily
RN0381,parent-child,P613,P381,non-lineal,biological,,381,,,,,,,,2026-08-26,McFamily
R272,partner,P382,P879,,,marriage,1,2008-05-17,day,,,,,,2026-08-26,McFamily
RL0382,parent-child,P006,P382,lineal,biological,,382,,,,,,,,2026-08-26,McFamily
RN0382,parent-child,P613,P382,non-lineal,biological,,382,,,,,,,,2026-08-26,McFamily
R273,partner,P383,P880,,,marriage,1,2017-04-22,day,2022,year,divorce,,,2026-08-26,McFamily
RL0383,parent-child,P010,P383,lineal,biological,,383,,,,,,,,2026-08-26,McFamily
RN0383,parent-child,P616,P383,non-lineal,biological,,383,,,,,,,,2026-08-26,McFamily
RL0384,parent-child,P010,P384,lineal,biological,,384,,,,,,,,2026-08-26,McFamily
RN0384,parent-child,P616,P384,non-lineal,biological,,384,,,,,,,,2026-08-26,McFamily
RL0385,parent-child,P010,P385,lineal,biological,,385,,,,,,,,2026-08-26,McFamily
RN0385,parent-child,P616,P385,non-lineal,biological,,385,,,,,,,,2026-08-26,McFamily
R274,partner,P386,P881,,,marriage,1,2012-07-28,day,,,,,,2026-08-26,McFamily
RL0386,parent-child,P007,P386,lineal,biological,,386,,,,,,,,2026-08-26,McFamily
RN0386,parent-child,P614,P386,non-lineal,biological,,386,,,,,,,,2026-08-26,McFamily
R275,partner,P387,P882,,,marriage,1,2012-09-15,day,,,,,,2026-08-26,McFamily
RL0387,parent-child,P007,P387,lineal,biological,,387,,,,,,,,2026-08-26,McFamily
RN0387,parent-child,P614,P387,non-lineal,biological,,387,,,,,,,,2026-08-26,McFamily
RL0388,parent-child,P007,P388,lineal,biological,,388,,,,,,,,2026-08-26,McFamily
RN0388,parent-child,P614,P388,non-lineal,biological,,388,,,,,,,,2026-08-26,McFamily
R276,partner,P389,P883,,,marriage,1,2012-08,month,,,,,,2026-08-26,McFamily
RL0389,parent-child,P020,P389,lineal,biological,,389,,,,,,,,2026-08-26,McFamily
RN0389,parent-child,P626,P389,non-lineal,biological,,389,,,,,,,,2026-08-26,McFamily
R277,partner,P390,P884,,,marriage,1,2015-10-17,day,,,,,,2026-08-26,McFamily
RL0390,parent-child,P020,P390,lineal,biological,,390,,,,,,,,2026-08-26,McFamily
RN0390,parent-child,P626,P390,non-lineal,biological,,390,,,,,,,,2026-08-26,McFamily
RL0391,parent-child,P020,P391,lineal,biological,,391,,,,,,,,2026-08-26,McFamily
RN0391,parent-child,P626,P391,non-lineal,biological,,391,,,,,,,,2026-08-26,McFamily
RL0392,parent-child,P020,P392,lineal,biological,,392,,,,,,,,2026-08-26,McFamily
RN0392,parent-child,P626,P392,non-lineal,biological,,392,,,,,,,,2026-08-26,McFamily
RL0393,parent-child,P021,P393,lineal,biological,,393,,,,,,,,2026-08-26,McFamily
RN0393,parent-child,P627,P393,non-lineal,biological,,393,,,,,,,,2026-08-26,McFamily
RL0394,parent-child,P021,P394,lineal,biological,,394,,,,,,,,2026-08-26,McFamily
RN0394,parent-child,P627,P394,non-lineal,biological,,394,,,,,,,,2026-08-26,McFamily
R278,partner,P395,P885,,,marriage,1,2006-12-06,day,,,,,,2026-08-26,McFamily
RL0395,parent-child,P136,P395,lineal,biological,,395,,,,,,,,2026-08-26,McFamily
RN0395,parent-child,P748,P395,non-lineal,biological,,395,,,,,,,,2026-08-26,McFamily
R279,partner,P396,P886,,,marriage,1,,,,,,,,2026-08-26,McFamily
RL0396,parent-child,P141,P396,lineal,biological,,396,,,,,,,,2026-08-26,McFamily
RN0396,parent-child,P753,P396,non-lineal,biological,,396,,,,,,,,2026-08-26,McFamily
RL0397,parent-child,P141,P397,lineal,biological,,397,,,,,,,,2026-08-26,McFamily
RN0397,parent-child,P753,P397,non-lineal,biological,,397,,,,,,,,2026-08-26,McFamily
R280,partner,P398,P887,,,marriage,1,,,,,,,,2026-08-26,McFamily
RL0398,parent-child,P138,P398,lineal,biological,,398,,,,,,,,2026-08-26,McFamily
RN0398,parent-child,P750,P398,non-lineal,biological,,398,,,,,,,,2026-08-26,McFamily
R281,partner,P399,P888,,,marriage,1,,,,UNKNOWN,death,,,2026-08-26,McFamily
RL0399,parent-child,P137,P399,lineal,biological,,399,,,,,,,,2026-08-26,McFamily
RN0399,parent-child,P749,P399,non-lineal,biological,,399,,,,,,,,2026-08-26,McFamily
RL0400,parent-child,P206,P400,lineal,biological,,400,,,,,,,,2026-08-26,McFamily
RL0401,parent-child,P207,P401,lineal,biological,,401,,,,,,,,2026-08-26,McFamily
RN0401,parent-child,P822,P401,non-lineal,biological,,401,,,,,,,,2026-08-26,McFamily
RL0402,parent-child,P207,P402,lineal,biological,,402,,,,,,,,2026-08-26,McFamily
RN0402,parent-child,P822,P402,non-lineal,biological,,402,,,,,,,,2026-08-26,McFamily
RL0403,parent-child,P203,P403,lineal,biological,,403,,,,,,,,2026-08-26,McFamily
RN0403,parent-child,P817,P403,non-lineal,biological,,403,,,,,,,,2026-08-26,McFamily
RL0404,parent-child,P201,P404,lineal,biological,,404,,,,,,,,2026-08-26,McFamily
RN0404,parent-child,P816,P404,non-lineal,biological,,404,,,,,,,,2026-08-26,McFamily
RL0405,parent-child,P201,P405,lineal,biological,,405,,,,,,,,2026-08-26,McFamily
RN0405,parent-child,P816,P405,non-lineal,biological,,405,,,,,,,,2026-08-26,McFamily
RL0406,parent-child,P194,P406,lineal,biological,,406,,,,,,,,2026-08-26,McFamily
RN0406,parent-child,P810,P406,non-lineal,biological,,406,,,,,,,,2026-08-26,McFamily
RL0407,parent-child,P194,P407,lineal,biological,,407,,,,,,,,2026-08-26,McFamily
RN0407,parent-child,P810,P407,non-lineal,biological,,407,,,,,,,,2026-08-26,McFamily
RL0408,parent-child,P193,P408,lineal,biological,,408,,,,,,,,2026-08-26,McFamily
RN0408,parent-child,P809,P408,non-lineal,biological,,408,,,,,,,,2026-08-26,McFamily
RL0409,parent-child,P193,P409,lineal,biological,,409,,,,,,,,2026-08-26,McFamily
RN0409,parent-child,P809,P409,non-lineal,biological,,409,,,,,,,,2026-08-26,McFamily
RL0410,parent-child,P193,P410,lineal,biological,,410,,,,,,,,2026-08-26,McFamily
RN0410,parent-child,P809,P410,non-lineal,biological,,410,,,,,,,,2026-08-26,McFamily
RL0411,parent-child,P192,P411,lineal,biological,,411,,,,,,,,2026-08-26,McFamily
RL0412,parent-child,P192,P412,lineal,biological,,412,,,,,,,,2026-08-26,McFamily
RL0413,parent-child,P191,P413,lineal,biological,,413,,,,,,,,2026-08-26,McFamily
RN0413,parent-child,P808,P413,non-lineal,biological,,413,,,,,,,,2026-08-26,McFamily
R282,partner,P414,P889,,,marriage,1,2000-05-22,day,,,,,,2026-08-26,McFamily
RL0414,parent-child,P188,P414,lineal,biological,,414,,,,,,,,2026-08-26,McFamily
RN0414,parent-child,P804,P414,non-lineal,biological,,414,,,,,,,,2026-08-26,McFamily
RL0415,parent-child,P188,P415,lineal,biological,,415,,,,,,,,2026-08-26,McFamily
RN0415,parent-child,P804,P415,non-lineal,biological,,415,,,,,,,,2026-08-26,McFamily
RL0416,parent-child,P188,P416,lineal,biological,,416,,,,,,,,2026-08-26,McFamily
RN0416,parent-child,P804,P416,non-lineal,biological,,416,,,,,,,,2026-08-26,McFamily
R283,partner,P417,P890,,,marriage,1,,,,,,,,2026-08-26,McFamily
RL0417,parent-child,P187,P417,lineal,biological,,417,,,,,,,,2026-08-26,McFamily
RN0417,parent-child,P803,P417,non-lineal,biological,,417,,,,,,,,2026-08-26,McFamily
R284,partner,P418,P891,,,marriage,1,,,,,,,,2026-08-26,McFamily
RL0418,parent-child,P187,P418,lineal,biological,,418,,,,,,,,2026-08-26,McFamily
RN0418,parent-child,P803,P418,non-lineal,biological,,418,,,,,,,,2026-08-26,McFamily
RL0419,parent-child,P186,P419,lineal,biological,,419,,,,,,,,2026-08-26,McFamily
RL0420,parent-child,P186,P420,lineal,biological,,420,,,,,,,,2026-08-26,McFamily
RN0420,parent-child,P802,P420,non-lineal,biological,,420,,,,,,,,2026-08-26,McFamily
RL0421,parent-child,P185,P421,lineal,biological,,421,,,,,,,,2026-08-26,McFamily
RN0421,parent-child,P801,P421,non-lineal,biological,,421,,,,,,,,2026-08-26,McFamily
RL0422,parent-child,P185,P422,lineal,biological,,422,,,,,,,,2026-08-26,McFamily
RN0422,parent-child,P801,P422,non-lineal,biological,,422,,,,,,,,2026-08-26,McFamily
RL0423,parent-child,P185,P423,lineal,biological,,423,,,,,,,,2026-08-26,McFamily
RN0423,parent-child,P801,P423,non-lineal,biological,,423,,,,,,,,2026-08-26,McFamily
RL0424,parent-child,P143,P424,lineal,biological,,424,,,,,,,,2026-08-26,McFamily
RN0424,parent-child,P755,P424,non-lineal,biological,,424,,,,,,,,2026-08-26,McFamily
RL0425,parent-child,P182,P425,lineal,biological,,425,,,,,,,,2026-08-26,McFamily
RN0425,parent-child,P797,P425,non-lineal,biological,,425,,,,,,,,2026-08-26,McFamily
RL0426,parent-child,P182,P426,lineal,biological,,426,,,,,,,,2026-08-26,McFamily
RN0426,parent-child,P797,P426,non-lineal,biological,,426,,,,,,,,2026-08-26,McFamily
R285,partner,P427,P892,,,marriage,1,,,,,,,,2026-08-26,McFamily
RL0427,parent-child,P214,P427,lineal,biological,,427,,,,,,,,2026-08-26,McFamily
RN0427,parent-child,P829,P427,non-lineal,biological,,427,,,,,,,,2026-08-26,McFamily
R286,partner,P428,P893,,,marriage,1,,,,UNKNOWN,UNKNOWN,,,2026-08-26,McFamily
RL0428,parent-child,P214,P428,lineal,biological,,428,,,,,,,,2026-08-26,McFamily
RN0428,parent-child,P829,P428,non-lineal,biological,,428,,,,,,,,2026-08-26,McFamily
RL0429,parent-child,P214,P429,lineal,biological,,429,,,,,,,,2026-08-26,McFamily
RN0429,parent-child,P829,P429,non-lineal,biological,,429,,,,,,,,2026-08-26,McFamily
RL0430,parent-child,P180,P430,lineal,biological,,430,,,,,,,,2026-08-26,McFamily
RN0430,parent-child,P795,P430,non-lineal,biological,,430,,,,,,,,2026-08-26,McFamily
RL0431,parent-child,P180,P431,lineal,biological,,431,,,,,,,,2026-08-26,McFamily
RN0431,parent-child,P795,P431,non-lineal,biological,,431,,,,,,,,2026-08-26,McFamily
RL0432,parent-child,P179,P432,lineal,biological,,432,,,,,,,,2026-08-26,McFamily
RN0432,parent-child,P794,P432,non-lineal,biological,,432,,,,,,,,2026-08-26,McFamily
RL0433,parent-child,P179,P433,lineal,biological,,433,,,,,,,,2026-08-26,McFamily
RN0433,parent-child,P794,P433,non-lineal,biological,,433,,,,,,,,2026-08-26,McFamily
RL0434,parent-child,P177,P434,lineal,biological,,434,,,,,,,,2026-08-26,McFamily
RN0434,parent-child,P792,P434,non-lineal,biological,,434,,,,,,,,2026-08-26,McFamily
RL0435,parent-child,P177,P435,lineal,biological,,435,,,,,,,,2026-08-26,McFamily
RN0435,parent-child,P792,P435,non-lineal,biological,,435,,,,,,,,2026-08-26,McFamily
R287,partner,P436,P894,,,marriage,1,2008-06-07,day,,,,,,2026-08-26,McFamily
RL0436,parent-child,P175,P436,lineal,biological,,436,,,,,,,,2026-08-26,McFamily
R288,partner,P437,P895,,,marriage,1,2007-12-02,day,,,,,,2026-08-26,McFamily
RL0437,parent-child,P175,P437,lineal,biological,,437,,,,,,,,2026-08-26,McFamily
R289,partner,P438,P896,,,marriage,1,2011-06-04,day,,,,,,2026-08-26,McFamily
RL0438,parent-child,P174,P438,lineal,biological,,438,,,,,,,,2026-08-26,McFamily
RN0438,parent-child,P788,P438,non-lineal,biological,,438,,,,,,,,2026-08-26,McFamily
R290,partner,P439,P897,,,marriage,1,2015-09-06,day,,,,,,2026-08-26,McFamily
RL0439,parent-child,P174,P439,lineal,biological,,439,,,,,,,,2026-08-26,McFamily
RN0439,parent-child,P788,P439,non-lineal,biological,,439,,,,,,,,2026-08-26,McFamily
RL0440,parent-child,P173,P440,lineal,biological,,440,,,,,,,,2026-08-26,McFamily
R291,partner,P441,P898,,,marriage,1,2003-05-17,day,,,,,,2026-08-26,McFamily
RL0441,parent-child,P173,P441,lineal,biological,,441,,,,,,,,2026-08-26,McFamily
RN0441,parent-child,P787,P441,non-lineal,biological,,441,,,,,,,,2026-08-26,McFamily
R292,partner,P442,P899,,,marriage,1,2008-09-07,day,,,,,,2026-08-26,McFamily
RL0442,parent-child,P173,P442,lineal,biological,,442,,,,,,,,2026-08-26,McFamily
R293,partner,P443,P900,,,marriage,1,2001-06-02,day,,,,,,2026-08-26,McFamily
RL0443,parent-child,P172,P443,lineal,biological,,443,,,,,,,,2026-08-26,McFamily
RN0443,parent-child,P785,P443,non-lineal,biological,,443,,,,,,,,2026-08-26,McFamily
R294,partner,P444,P901,,,marriage,1,,,,,,,,2026-08-26,McFamily
RL0444,parent-child,P172,P444,lineal,biological,,444,,,,,,,,2026-08-26,McFamily
RN0444,parent-child,P785,P444,non-lineal,biological,,444,,,,,,,,2026-08-26,McFamily
R295,partner,P445,P902,,,marriage,1,,,,,,,,2026-08-26,McFamily
RL0445,parent-child,P172,P445,lineal,biological,,445,,,,,,,,2026-08-26,McFamily
RN0445,parent-child,P785,P445,non-lineal,biological,,445,,,,,,,,2026-08-26,McFamily
R296,partner,P446,P903,,,marriage,1,2011-09-17,day,,,,,,2026-08-26,McFamily
RL0446,parent-child,P172,P446,lineal,biological,,446,,,,,,,,2026-08-26,McFamily
RN0446,parent-child,P785,P446,non-lineal,biological,,446,,,,,,,,2026-08-26,McFamily
RL0447,parent-child,P143,P447,lineal,biological,,447,,,,,,,,2026-08-26,McFamily
RN0447,parent-child,P755,P447,non-lineal,biological,,447,,,,,,,,2026-08-26,McFamily
RL0448,parent-child,P156,P448,lineal,biological,,448,,,,,,,,2026-08-26,McFamily
RL0449,parent-child,P156,P449,lineal,biological,,449,,,,,,,,2026-08-26,McFamily
RL0450,parent-child,P156,P450,lineal,biological,,450,,,,,,,,2026-08-26,McFamily
RL0451,parent-child,P155,P451,lineal,biological,,451,,,,,,,,2026-08-26,McFamily
RN0451,parent-child,P768,P451,non-lineal,biological,,451,,,,,,,,2026-08-26,McFamily
RL0452,parent-child,P155,P452,lineal,biological,,452,,,,,,,,2026-08-26,McFamily
RN0452,parent-child,P768,P452,non-lineal,biological,,452,,,,,,,,2026-08-26,McFamily
RL0453,parent-child,P155,P453,lineal,biological,,453,,,,,,,,2026-08-26,McFamily
RN0453,parent-child,P768,P453,non-lineal,biological,,453,,,,,,,,2026-08-26,McFamily
R297,partner,P454,P904,,,marriage,1,2011-10-01,day,,,,,,2026-08-26,McFamily
RL0454,parent-child,P154,P454,lineal,biological,,454,,,,,,,,2026-08-26,McFamily
RN0454,parent-child,P767,P454,non-lineal,biological,,454,,,,,,,,2026-08-26,McFamily
R298,partner,P455,P905,,,marriage,1,2007-07-07,day,,,,,,2026-08-26,McFamily
RL0455,parent-child,P154,P455,lineal,biological,,455,,,,,,,,2026-08-26,McFamily
RN0455,parent-child,P767,P455,non-lineal,biological,,455,,,,,,,,2026-08-26,McFamily
R299,partner,P456,P906,,,marriage,1,2009-06-13,day,,,,,,2026-08-26,McFamily
RL0456,parent-child,P154,P456,lineal,biological,,456,,,,,,,,2026-08-26,McFamily
RN0456,parent-child,P767,P456,non-lineal,biological,,456,,,,,,,,2026-08-26,McFamily
RL0457,parent-child,P154,P457,lineal,biological,,457,,,,,,,,2026-08-26,McFamily
RN0457,parent-child,P767,P457,non-lineal,biological,,457,,,,,,,,2026-08-26,McFamily
R300,partner,P458,P907,,,marriage,1,2010-07-10,day,,,,,,2026-08-26,McFamily
RL0458,parent-child,P151,P458,lineal,biological,,458,,,,,,,,2026-08-26,McFamily
RN0458,parent-child,P763,P458,non-lineal,biological,,458,,,,,,,,2026-08-26,McFamily
R301,partner,P459,P908,,,marriage,1,2010-06-05,day,,,,,,2026-08-26,McFamily
RL0459,parent-child,P151,P459,lineal,biological,,459,,,,,,,,2026-08-26,McFamily
RN0459,parent-child,P763,P459,non-lineal,biological,,459,,,,,,,,2026-08-26,McFamily
RL0460,parent-child,P150,P460,lineal,biological,,460,,,,,,,,2026-08-26,McFamily
RN0460,parent-child,P761,P460,non-lineal,biological,,460,,,,,,,,2026-08-26,McFamily
RL0461,parent-child,P150,P461,lineal,biological,,461,,,,,,,,2026-08-26,McFamily
RN0461,parent-child,P761,P461,non-lineal,biological,,461,,,,,,,,2026-08-26,McFamily
RL0462,parent-child,P144,P462,lineal,biological,,462,,,,,,,,2026-08-26,McFamily
RN0462,parent-child,P756,P462,non-lineal,biological,,462,,,,,,,,2026-08-26,McFamily
RL0463,parent-child,P500,P463,lineal,biological,,463,,,,,,,,2026-08-26,McFamily
RN0463,parent-child,P911,P463,non-lineal,biological,,463,,,,,,,,2026-08-26,McFamily
RL0464,parent-child,P146,P464,lineal,biological,,464,,,,,,,,2026-08-26,McFamily
RN0464,parent-child,P758,P464,non-lineal,biological,,464,,,,,,,,2026-08-26,McFamily
R302,partner,P465,P909,,,marriage,1,,,,,,,,2026-08-26,McFamily
RL0465,parent-child,P145,P465,lineal,biological,,465,,,,,,,,2026-08-26,McFamily
RN0465,parent-child,P757,P465,non-lineal,biological,,465,,,,,,,,2026-08-26,McFamily
R303,partner,P466,P910,,,marriage,1,,,,,,,,2026-08-26,McFamily
RL0466,parent-child,P169,P466,lineal,biological,,466,,,,,,,,2026-08-26,McFamily
RL0467,parent-child,P169,P467,lineal,biological,,467,,,,,,,,2026-08-26,McFamily
RN0467,parent-child,P782,P467,non-lineal,biological,,467,,,,,,,,2026-08-26,McFamily
RL0468,parent-child,P168,P468,lineal,biological,,468,,,,,,,,2026-08-26,McFamily
RN0468,parent-child,P781,P468,non-lineal,biological,,468,,,,,,,,2026-08-26,McFamily
RL0469,parent-child,P168,P469,lineal,biological,,469,,,,,,,,2026-08-26,McFamily
RN0469,parent-child,P781,P469,non-lineal,biological,,469,,,,,,,,2026-08-26,McFamily
RL0470,parent-child,P168,P470,lineal,biological,,470,,,,,,,,2026-08-26,McFamily
RN0470,parent-child,P781,P470,non-lineal,biological,,470,,,,,,,,2026-08-26,McFamily
RL0471,parent-child,P165,P471,lineal,biological,,471,,,,,,,,2026-08-26,McFamily
RN0471,parent-child,P779,P471,non-lineal,biological,,471,,,,,,,,2026-08-26,McFamily
RL0472,parent-child,P165,P472,lineal,biological,,472,,,,,,,,2026-08-26,McFamily
RN0472,parent-child,P779,P472,non-lineal,biological,,472,,,,,,,,2026-08-26,McFamily
RL0473,parent-child,P165,P473,lineal,biological,,473,,,,,,,,2026-08-26,McFamily
RL0474,parent-child,P163,P474,lineal,biological,,474,,,,,,,,2026-08-26,McFamily
RN0474,parent-child,P777,P474,non-lineal,biological,,474,,,,,,,,2026-08-26,McFamily
RL0475,parent-child,P056,P475,lineal,biological,,475,,,,,,,,2026-08-26,McFamily
RN0475,parent-child,P664,P475,non-lineal,biological,,475,,,,,,,,2026-08-26,McFamily
RL0476,parent-child,P056,P476,lineal,biological,,476,,,,,,,,2026-08-26,McFamily
RN0476,parent-child,P664,P476,non-lineal,biological,,476,,,,,,,,2026-08-26,McFamily
RL0477,parent-child,P154,P477,lineal,biological,,477,,,,,,,,2026-08-26,McFamily
RN0477,parent-child,P767,P477,non-lineal,biological,,477,,,,,,,,2026-08-26,McFamily
RL0478,parent-child,P203,P478,lineal,biological,,478,,,,,,,,2026-08-26,McFamily
RN0478,parent-child,P817,P478,non-lineal,biological,,478,,,,,,,,2026-08-26,McFamily
RL0481,parent-child,P107,P481,lineal,biological,,481,,,,,,,,2026-08-26,McFamily
RN0481,parent-child,P719,P481,non-lineal,biological,,481,,,,,,,,2026-08-26,McFamily
RL0482,parent-child,P218,P482,lineal,biological,,482,,,,,,,,2026-08-26,McFamily
RN0482,parent-child,P833,P482,non-lineal,biological,,482,,,,,,,,2026-08-26,McFamily
RL0483,parent-child,P211,P483,lineal,biological,,483,,,,,,,,2026-08-26,McFamily
RN0483,parent-child,P827,P483,non-lineal,biological,,483,,,,,,,,2026-08-26,McFamily
RL0484,parent-child,P248,P484,lineal,biological,,484,,,,,,,,2026-08-26,McFamily
RN0484,parent-child,P848,P484,non-lineal,biological,,484,,,,,,,,2026-08-26,McFamily
RL0485,parent-child,P252,P485,lineal,biological,,485,,,,,,,,2026-08-26,McFamily
RN0485,parent-child,P849,P485,non-lineal,biological,,485,,,,,,,,2026-08-26,McFamily
RL0486,parent-child,P219,P486,lineal,biological,,486,,,,,,,,2026-08-26,McFamily
RN0486,parent-child,P834,P486,non-lineal,biological,,486,,,,,,,,2026-08-26,McFamily
RL0487,parent-child,P215,P487,lineal,biological,,487,,,,,,,,2026-08-26,McFamily
RN0487,parent-child,P830,P487,non-lineal,biological,,487,,,,,,,,2026-08-26,McFamily
RL0488,parent-child,P350,P488,lineal,biological,,488,,,,,,,,2026-08-26,McFamily
RL0489,parent-child,P012,P489,lineal,biological,,489,,,,,,,,2026-08-26,McFamily
RN0489,parent-child,P617,P489,non-lineal,biological,,489,,,,,,,,2026-08-26,McFamily
RL0490,parent-child,P027,P490,lineal,biological,,490,,,,,,,,2026-08-26,McFamily
RN0490,parent-child,P634,P490,non-lineal,biological,,490,,,,,,,,2026-08-26,McFamily
RL0491,parent-child,P027,P491,lineal,biological,,491,,,,,,,,2026-08-26,McFamily
RN0491,parent-child,P634,P491,non-lineal,biological,,491,,,,,,,,2026-08-26,McFamily
RL0492,parent-child,P214,P492,lineal,biological,,492,,,,,,,,2026-08-26,McFamily
RN0492,parent-child,P829,P492,non-lineal,biological,,492,,,,,,,,2026-08-26,McFamily
RL0493,parent-child,P300,P493,lineal,biological,,493,,,,,,,,2026-08-26,McFamily
RN0493,parent-child,P862,P493,non-lineal,biological,,493,,,,,,,,2026-08-26,McFamily
RL0494,parent-child,P110,P494,lineal,biological,,494,,,,,,,,2026-08-26,McFamily
RN0494,parent-child,P722,P494,non-lineal,biological,,494,,,,,,,,2026-08-26,McFamily
RL0495,parent-child,P094,P495,lineal,biological,,495,,,,,,,,2026-08-26,McFamily
RN0495,parent-child,P705,P495,non-lineal,biological,,495,,,,,,,,2026-08-26,McFamily
RL0496,parent-child,P094,P496,lineal,biological,,496,,,,,,,,2026-08-26,McFamily
RN0496,parent-child,P705,P496,non-lineal,biological,,496,,,,,,,,2026-08-26,McFamily
RL0497,parent-child,P466,P497,lineal,biological,,497,,,,,,,,2026-08-26,McFamily
RN0497,parent-child,P910,P497,non-lineal,biological,,497,,,,,,,,2026-08-26,McFamily
RL0498,parent-child,P182,P498,lineal,biological,,498,,,,,,,,2026-08-26,McFamily
RN0498,parent-child,P797,P498,non-lineal,biological,,498,,,,,,,,2026-08-26,McFamily
RL0499,parent-child,P247,P499,lineal,biological,,499,,,,,,,,2026-08-26,McFamily
RN0499,parent-child,P847,P499,non-lineal,biological,,499,,,,,,,,2026-08-26,McFamily
R304,partner,P500,P911,,,marriage,1,1939-06-17,day,,UNKNOWN,death,,,2026-08-26,McFamily
RL0500,parent-child,P144,P500,lineal,biological,,500,,,,,,,,2026-08-26,McFamily
RN0500,parent-child,P756,P500,non-lineal,biological,,500,,,,,,,,2026-08-26,McFamily
RL0501,parent-child,P288,P501,lineal,biological,,501,,,,,,,,2026-08-26,McFamily
RN0501,parent-child,P860,P501,non-lineal,biological,,501,,,,,,,,2026-08-26,McFamily
RL0502,parent-child,P093,P502,lineal,biological,,502,,,,,,,,2026-08-26,McFamily
RN0502,parent-child,P704,P502,non-lineal,biological,,502,,,,,,,,2026-08-26,McFamily
RL0503,parent-child,P289,P503,lineal,biological,,503,,,,,,,,2026-08-26,McFamily
RL0504,parent-child,P146,P504,lineal,biological,,504,,,,,,,,2026-08-26,McFamily
RN0504,parent-child,P758,P504,non-lineal,biological,,504,,,,,,,,2026-08-26,McFamily
RL0505,parent-child,P062,P505,lineal,biological,,505,,,,,,,,2026-08-26,McFamily
RN0505,parent-child,P669,P505,non-lineal,biological,,505,,,,,,,,2026-08-26,McFamily
RL0506,parent-child,P062,P506,lineal,biological,,506,,,,,,,,2026-08-26,McFamily
RN0506,parent-child,P669,P506,non-lineal,biological,,506,,,,,,,,2026-08-26,McFamily
RL0507,parent-child,P443,P507,lineal,biological,,507,,,,,,,,2026-08-26,McFamily
RN0507,parent-child,P900,P507,non-lineal,biological,,507,,,,,,,,2026-08-26,McFamily
RL0508,parent-child,P364,P508,lineal,biological,,508,,,,,,,,2026-08-26,McFamily
RN0508,parent-child,P872,P508,non-lineal,biological,,508,,,,,,,,2026-08-26,McFamily
RL0509,parent-child,P247,P509,lineal,biological,,509,,,,,,,,2026-08-26,McFamily
RN0509,parent-child,P847,P509,non-lineal,biological,,509,,,,,,,,2026-08-26,McFamily
RL0510,parent-child,P214,P510,lineal,biological,,510,,,,,,,,2026-08-26,McFamily
RN0510,parent-child,P829,P510,non-lineal,biological,,510,,,,,,,,2026-08-26,McFamily
RL0511,parent-child,P284,P511,lineal,biological,,511,,,,,,,,2026-08-26,McFamily
RN0511,parent-child,P858,P511,non-lineal,biological,,511,,,,,,,,2026-08-26,McFamily
RL0512,parent-child,P093,P512,lineal,biological,,512,,,,,,,,2026-08-26,McFamily
RN0512,parent-child,P704,P512,non-lineal,biological,,512,,,,,,,,2026-08-26,McFamily
RL0513,parent-child,P286,P513,lineal,biological,,513,,,,,,,,2026-08-26,McFamily
RN0513,parent-child,P859,P513,non-lineal,biological,,513,,,,,,,,2026-08-26,McFamily
RL0514,parent-child,P216,P514,lineal,biological,,514,,,,,,,,2026-08-26,McFamily
RN0514,parent-child,P831,P514,non-lineal,biological,,514,,,,,,,,2026-08-26,McFamily
RL0515,parent-child,P095,P515,lineal,biological,,515,,,,,,,,2026-08-26,McFamily
RN0515,parent-child,P706,P515,non-lineal,biological,,515,,,,,,,,2026-08-26,McFamily
RL0516,parent-child,P245,P516,lineal,biological,,516,,,,,,,,2026-08-26,McFamily
RN0516,parent-child,P846,P516,non-lineal,biological,,516,,,,,,,,2026-08-26,McFamily
RL0517,parent-child,P326,P517,lineal,biological,,517,,,,,,,,2026-08-26,McFamily
RL0518,parent-child,P367,P518,lineal,biological,,518,,,,,,,,2026-08-26,McFamily
RN0518,parent-child,P873,P518,non-lineal,biological,,518,,,,,,,,2026-08-26,McFamily
RL0519,parent-child,P061,P519,lineal,biological,,519,,,,,,,,2026-08-26,McFamily
RN0519,parent-child,P668,P519,non-lineal,biological,,519,,,,,,,,2026-08-26,McFamily
RL0520,parent-child,P466,P520,lineal,biological,,520,,,,,,,,2026-08-26,McFamily
RN0520,parent-child,P910,P520,non-lineal,biological,,520,,,,,,,,2026-08-26,McFamily
RL0521,parent-child,P063,P521,lineal,biological,,521,,,,,,,,2026-08-26,McFamily
RN0521,parent-child,P670,P521,non-lineal,biological,,521,,,,,,,,2026-08-26,McFamily
RL0522,parent-child,P329,P522,lineal,biological,,522,,,,,,,,2026-08-26,McFamily
RL0523,parent-child,P443,P523,lineal,biological,,523,,,,,,,,2026-08-26,McFamily
RN0523,parent-child,P900,P523,non-lineal,biological,,523,,,,,,,,2026-08-26,McFamily
RL0524,parent-child,P255,P524,lineal,biological,,524,,,,,,,,2026-08-26,McFamily
RN0524,parent-child,P850,P524,non-lineal,biological,,524,,,,,,,,2026-08-26,McFamily
RL0525,parent-child,P216,P525,lineal,biological,,525,,,,,,,,2026-08-26,McFamily
RN0525,parent-child,P831,P525,non-lineal,biological,,525,,,,,,,,2026-08-26,McFamily
RL0526,parent-child,P216,P526,lineal,biological,,526,,,,,,,,2026-08-26,McFamily
RN0526,parent-child,P831,P526,non-lineal,biological,,526,,,,,,,,2026-08-26,McFamily
R305,partner,P527,P912,,,marriage,1,,,,UNKNOWN,UNKNOWN,,,2026-08-26,McFamily
RL0527,parent-child,P042,P527,lineal,biological,,527,,,,,,,,2026-08-26,McFamily
RN0527,parent-child,P649,P527,non-lineal,biological,,527,,,,,,,,2026-08-26,McFamily
RL0528,parent-child,P023,P528,lineal,biological,,528,,,,,,,,2026-08-26,McFamily
RN0528,parent-child,P629,P528,non-lineal,biological,,528,,,,,,,,2026-08-26,McFamily
RL0529,parent-child,P315,P529,lineal,biological,,529,,,,,,,,2026-08-26,McFamily
RN0529,parent-child,P864,P529,non-lineal,biological,,529,,,,,,,,2026-08-26,McFamily
RL0530,parent-child,P326,P530,lineal,biological,,530,,,,,,,,2026-08-26,McFamily
RL0531,parent-child,P286,P531,lineal,biological,,531,,,,,,,,2026-08-26,McFamily
RN0531,parent-child,P859,P531,non-lineal,biological,,531,,,,,,,,2026-08-26,McFamily
RL0532,parent-child,P282,P532,lineal,biological,,532,,,,,,,,2026-08-26,McFamily
RN0532,parent-child,P856,P532,non-lineal,biological,,532,,,,,,,,2026-08-26,McFamily
RL0533,parent-child,P061,P533,lineal,biological,,533,,,,,,,,2026-08-26,McFamily
RN0533,parent-child,P668,P533,non-lineal,biological,,533,,,,,,,,2026-08-26,McFamily
RL0534,parent-child,P245,P534,lineal,biological,,534,,,,,,,,2026-08-26,McFamily
RN0534,parent-child,P846,P534,non-lineal,biological,,534,,,,,,,,2026-08-26,McFamily
RL0535,parent-child,P223,P535,lineal,biological,,535,,,,,,,,2026-08-26,McFamily
RN0535,parent-child,P837,P535,non-lineal,biological,,535,,,,,,,,2026-08-26,McFamily
RL0536,parent-child,P317,P536,lineal,biological,,536,,,,,,,,2026-08-26,McFamily
RN0536,parent-child,P865,P536,non-lineal,biological,,536,,,,,,,,2026-08-26,McFamily
RL0537,parent-child,P322,P537,lineal,biological,,537,,,,,,,,2026-08-26,McFamily
RL0538,parent-child,P322,P538,lineal,biological,,538,,,,,,,,2026-08-26,McFamily
RL0539,parent-child,P247,P539,lineal,biological,,539,,,,,,,,2026-08-26,McFamily
RN0539,parent-child,P847,P539,non-lineal,biological,,539,,,,,,,,2026-08-26,McFamily
RL0540,parent-child,P216,P540,lineal,biological,,540,,,,,,,,2026-08-26,McFamily
RN0540,parent-child,P831,P540,non-lineal,biological,,540,,,,,,,,2026-08-26,McFamily
RL0541,parent-child,P216,P541,lineal,biological,,541,,,,,,,,2026-08-26,McFamily
RN0541,parent-child,P831,P541,non-lineal,biological,,541,,,,,,,,2026-08-26,McFamily
RL0542,parent-child,P095,P542,lineal,biological,,542,,,,,,,,2026-08-26,McFamily
RN0542,parent-child,P706,P542,non-lineal,biological,,542,,,,,,,,2026-08-26,McFamily
RL0543,parent-child,P283,P543,lineal,biological,,543,,,,,,,,2026-08-26,McFamily
RN0543,parent-child,P857,P543,non-lineal,biological,,543,,,,,,,,2026-08-26,McFamily
RL0544,parent-child,P279,P544,lineal,biological,,544,,,,,,,,2026-08-26,McFamily
RN0544,parent-child,P855,P544,non-lineal,biological,,544,,,,,,,,2026-08-26,McFamily
RL0545,parent-child,P289,P545,lineal,biological,,545,,,,,,,,2026-08-26,McFamily
RN0545,parent-child,P861,P545,non-lineal,biological,,545,,,,,,,,2026-08-26,McFamily
RL0546,parent-child,P191,P546,lineal,biological,,546,,,,,,,,2026-08-26,McFamily
RN0546,parent-child,P808,P546,non-lineal,biological,,546,,,,,,,,2026-08-26,McFamily
RL0547,parent-child,P275,P547,lineal,biological,,547,,,,,,,,2026-08-26,McFamily
RN0547,parent-child,P853,P547,non-lineal,biological,,547,,,,,,,,2026-08-26,McFamily
RL0548,parent-child,P255,P548,lineal,biological,,548,,,,,,,,2026-08-26,McFamily
RN0548,parent-child,P850,P548,non-lineal,biological,,548,,,,,,,,2026-08-26,McFamily
RL0549,parent-child,P095,P549,lineal,biological,,549,,,,,,,,2026-08-26,McFamily
RN0549,parent-child,P706,P549,non-lineal,biological,,549,,,,,,,,2026-08-26,McFamily
RL0550,parent-child,P395,P550,lineal,biological,,550,,,,,,,,2026-08-26,McFamily
RN0550,parent-child,P885,P550,non-lineal,biological,,550,,,,,,,,2026-08-26,McFamily
RL0551,parent-child,P216,P551,lineal,biological,,551,,,,,,,,2026-08-26,McFamily
RN0551,parent-child,P831,P551,non-lineal,biological,,551,,,,,,,,2026-08-26,McFamily
RL0552,parent-child,P279,P552,lineal,biological,,552,,,,,,,,2026-08-26,McFamily
RN0552,parent-child,P855,P552,non-lineal,biological,,552,,,,,,,,2026-08-26,McFamily
RL0553,parent-child,P445,P553,lineal,biological,,553,,,,,,,,2026-08-26,McFamily
RN0553,parent-child,P902,P553,non-lineal,biological,,553,,,,,,,,2026-08-26,McFamily
RL0554,parent-child,P436,P554,lineal,biological,,554,,,,,,,,2026-08-26,McFamily
RN0554,parent-child,P894,P554,non-lineal,biological,,554,,,,,,,,2026-08-26,McFamily
RL0555,parent-child,P314,P555,lineal,biological,,555,,,,,,,,2026-08-26,McFamily
RN0555,parent-child,P863,P555,non-lineal,biological,,555,,,,,,,,2026-08-26,McFamily
RL0556,parent-child,P317,P556,lineal,biological,,556,,,,,,,,2026-08-26,McFamily
RN0556,parent-child,P865,P556,non-lineal,biological,,556,,,,,,,,2026-08-26,McFamily
RL0557,parent-child,P418,P557,lineal,biological,,557,,,,,,,,2026-08-26,McFamily
RN0557,parent-child,P891,P557,non-lineal,biological,,557,,,,,,,,2026-08-26,McFamily
RL0558,parent-child,P455,P558,lineal,biological,,558,,,,,,,,2026-08-26,McFamily
RN0558,parent-child,P905,P558,non-lineal,biological,,558,,,,,,,,2026-08-26,McFamily
RL0559,parent-child,P455,P559,lineal,biological,,559,,,,,,,,2026-08-26,McFamily
RN0559,parent-child,P905,P559,non-lineal,biological,,559,,,,,,,,2026-08-26,McFamily
RL0560,parent-child,P455,P560,lineal,biological,,560,,,,,,,,2026-08-26,McFamily
RN0560,parent-child,P905,P560,non-lineal,biological,,560,,,,,,,,2026-08-26,McFamily
RL0561,parent-child,P216,P561,lineal,biological,,561,,,,,,,,2026-08-26,McFamily
RN0561,parent-child,P831,P561,non-lineal,biological,,561,,,,,,,,2026-08-26,McFamily
RL0562,parent-child,P381,P562,lineal,biological,,562,,,,,,,,2026-08-26,McFamily
RN0562,parent-child,P878,P562,non-lineal,biological,,562,,,,,,,,2026-08-26,McFamily
RL0563,parent-child,P395,P563,lineal,biological,,563,,,,,,,,2026-08-26,McFamily
RN0563,parent-child,P885,P563,non-lineal,biological,,563,,,,,,,,2026-08-26,McFamily
RL0564,parent-child,P314,P564,lineal,biological,,564,,,,,,,,2026-08-26,McFamily
RN0564,parent-child,P863,P564,non-lineal,biological,,564,,,,,,,,2026-08-26,McFamily
RL0565,parent-child,P326,P565,lineal,biological,,565,,,,,,,,2026-08-26,McFamily
RL0566,parent-child,P330,P566,lineal,biological,,566,,,,,,,,2026-08-26,McFamily
RL0567,parent-child,P427,P567,lineal,biological,,567,,,,,,,,2026-08-26,McFamily
RN0567,parent-child,P892,P567,non-lineal,biological,,567,,,,,,,,2026-08-26,McFamily
RL0568,parent-child,P367,P568,lineal,biological,,568,,,,,,,,2026-08-26,McFamily
RN0568,parent-child,P873,P568,non-lineal,biological,,568,,,,,,,,2026-08-26,McFamily
RL0569,parent-child,P380,P569,lineal,adoptive,,569,,,,,,,Lineal adoptive parent.,2026-08-26,McFamily
RL0570,parent-child,P315,P570,lineal,biological,,570,,,,,,,,2026-08-26,McFamily
RN0570,parent-child,P864,P570,non-lineal,biological,,570,,,,,,,,2026-08-26,McFamily
RL0571,parent-child,P315,P571,lineal,biological,,571,,,,,,,,2026-08-26,McFamily
RN0571,parent-child,P864,P571,non-lineal,biological,,571,,,,,,,,2026-08-26,McFamily
RL0572,parent-child,P367,P572,lineal,biological,,572,,,,,,,,2026-08-26,McFamily
RN0572,parent-child,P873,P572,non-lineal,biological,,572,,,,,,,,2026-08-26,McFamily
RL0573,parent-child,P368,P573,lineal,biological,,573,,,,,,,,2026-08-26,McFamily
RL0574,parent-child,P427,P574,lineal,biological,,574,,,,,,,,2026-08-26,McFamily
RN0574,parent-child,P892,P574,non-lineal,biological,,574,,,,,,,,2026-08-26,McFamily
RL0575,parent-child,P454,P575,lineal,biological,,575,,,,,,,,2026-08-26,McFamily
RN0575,parent-child,P904,P575,non-lineal,biological,,575,,,,,,,,2026-08-26,McFamily
RL0576,parent-child,P455,P576,lineal,biological,,576,,,,,,,,2026-08-26,McFamily
RN0576,parent-child,P905,P576,non-lineal,biological,,576,,,,,,,,2026-08-26,McFamily
RL0577,parent-child,P456,P577,lineal,biological,,577,,,,,,,,2026-08-26,McFamily
RN0577,parent-child,P906,P577,non-lineal,biological,,577,,,,,,,,2026-08-26,McFamily
RL0578,parent-child,P314,P578,lineal,biological,,578,,,,,,,,2026-08-26,McFamily
RN0578,parent-child,P863,P578,non-lineal,biological,,578,,,,,,,,2026-08-26,McFamily
RL0579,parent-child,P319,P579,lineal,biological,,579,,,,,,,,2026-08-26,McFamily
RN0579,parent-child,P866,P579,non-lineal,biological,,579,,,,,,,,2026-08-26,McFamily
RL0580,parent-child,P380,P580,lineal,biological,,580,,,,,,,,2026-08-26,McFamily
RN0580,parent-child,P877,P580,non-lineal,biological,,580,,,,,,,,2026-08-26,McFamily
RL0581,parent-child,P458,P581,lineal,biological,,581,,,,,,,,2026-08-26,McFamily
RN0581,parent-child,P907,P581,non-lineal,biological,,581,,,,,,,,2026-08-26,McFamily
RL0582,parent-child,P459,P582,lineal,biological,,582,,,,,,,,2026-08-26,McFamily
RN0582,parent-child,P908,P582,non-lineal,biological,,582,,,,,,,,2026-08-26,McFamily
RL0583,parent-child,P086,P583,lineal,biological,,583,,,,,,,,2026-08-26,McFamily
RN0583,parent-child,P696,P583,non-lineal,biological,,583,,,,,,,,2026-08-26,McFamily
RL0584,parent-child,P147,P584,lineal,biological,,584,,,,,,,,2026-08-26,McFamily
RN0584,parent-child,P759,P584,non-lineal,biological,,584,,,,,,,,2026-08-26,McFamily
RL0585,parent-child,P381,P585,lineal,biological,,585,,,,,,,,2026-08-26,McFamily
RN0585,parent-child,P878,P585,non-lineal,biological,,585,,,,,,,,2026-08-26,McFamily
RL0586,parent-child,P330,P586,lineal,biological,,586,,,,,,,,2026-08-26,McFamily
RL0587,parent-child,P273,P587,lineal,biological,,587,,,,,,,,2026-08-26,McFamily
RN0587,parent-child,P852,P587,non-lineal,biological,,587,,,,,,,,2026-08-26,McFamily
RL0588,parent-child,P275,P588,lineal,biological,,588,,,,,,,,2026-08-26,McFamily
RN0588,parent-child,P853,P588,non-lineal,biological,,588,,,,,,,,2026-08-26,McFamily
RL0589,parent-child,P273,P589,lineal,biological,,589,,,,,,,,2026-08-26,McFamily
RN0589,parent-child,P852,P589,non-lineal,biological,,589,,,,,,,,2026-08-26,McFamily
RL0590,parent-child,P446,P590,lineal,biological,,590,,,,,,,,2026-08-26,McFamily
RN0590,parent-child,P903,P590,non-lineal,biological,,590,,,,,,,,2026-08-26,McFamily
RL0591,parent-child,P427,P591,lineal,biological,,591,,,,,,,,2026-08-26,McFamily
RN0591,parent-child,P892,P591,non-lineal,biological,,591,,,,,,,,2026-08-26,McFamily
RL0592,parent-child,P443,P592,lineal,biological,,592,,,,,,,,2026-08-26,McFamily
RN0592,parent-child,P900,P592,non-lineal,biological,,592,,,,,,,,2026-08-26,McFamily
RL0593,parent-child,P445,P593,lineal,biological,,593,,,,,,,,2026-08-26,McFamily
RN0593,parent-child,P902,P593,non-lineal,biological,,593,,,,,,,,2026-08-26,McFamily
RL0594,parent-child,P445,P594,lineal,biological,,594,,,,,,,,2026-08-26,McFamily
RN0594,parent-child,P902,P594,non-lineal,biological,,594,,,,,,,,2026-08-26,McFamily
RL0595,parent-child,P442,P595,lineal,biological,,595,,,,,,,,2026-08-26,McFamily
RN0595,parent-child,P899,P595,non-lineal,biological,,595,,,,,,,,2026-08-26,McFamily
RL0596,parent-child,P439,P596,lineal,biological,,596,,,,,,,,2026-08-26,McFamily
RN0596,parent-child,P897,P596,non-lineal,biological,,596,,,,,,,,2026-08-26,McFamily
RL0597,parent-child,P436,P597,lineal,biological,,597,,,,,,,,2026-08-26,McFamily
RN0597,parent-child,P894,P597,non-lineal,biological,,597,,,,,,,,2026-08-26,McFamily
RL0598,parent-child,P395,P598,lineal,biological,,598,,,,,,,,2026-08-26,McFamily
RN0598,parent-child,P885,P598,non-lineal,biological,,598,,,,,,,,2026-08-26,McFamily
RL0599,parent-child,P389,P599,lineal,biological,,599,,,,,,,,2026-08-26,McFamily
RN0599,parent-child,P883,P599,non-lineal,biological,,599,,,,,,,,2026-08-26,McFamily
RL0600,parent-child,P390,P600,lineal,biological,,600,,,,,,,,2026-08-26,McFamily
RN0600,parent-child,P884,P600,non-lineal,biological,,600,,,,,,,,2026-08-26,McFamily
RL0601,parent-child,P386,P601,lineal,biological,,601,,,,,,,,2026-08-26,McFamily
RN0601,parent-child,P881,P601,non-lineal,biological,,601,,,,,,,,2026-08-26,McFamily
RL0602,parent-child,P458,P602,lineal,biological,,602,,,,,,,,2026-08-26,McFamily
RN0602,parent-child,P907,P602,non-lineal,biological,,602,,,,,,,,2026-08-26,McFamily
RL0603,parent-child,P459,P603,lineal,biological,,603,,,,,,,,2026-08-26,McFamily
RN0603,parent-child,P908,P603,non-lineal,biological,,603,,,,,,,,2026-08-26,McFamily
RL0604,parent-child,P223,P604,lineal,biological,,604,,,,,,,,2026-08-26,McFamily
RN0604,parent-child,P837,P604,non-lineal,biological,,604,,,,,,,,2026-08-26,McFamily
RL0605,parent-child,P427,P605,lineal,biological,,605,,,,,,,,2026-08-26,McFamily
RN0605,parent-child,P892,P605,non-lineal,biological,,605,,,,,,,,2026-08-26,McFamily
RL0606,parent-child,P214,P606,lineal,biological,,606,,,,,,,,2026-08-26,McFamily
RL0607,parent-child,P326,P607,lineal,biological,,607,,,,,,,,2026-08-26,McFamily
R307,partner,P877,P914,,,marriage,1,,UNKNOWN,,UNKNOWN,UNKNOWN,,Relationship type and timing are unknown; this relationship precedes R270.,2026-08-26,McFamily
RN0569-01,parent-child,P877,P569,non-lineal,biological,,608,,,,,,,,2026-08-26,McFamily
RN0569-02,parent-child,P914,P569,non-lineal,biological,,609,,,,,,,,2026-08-26,McFamily
RELATIONSHIP-544CB2D7-49C9-414F-A91C-CB3FC6B9648A,partner,P915,P385,,,marriage,1471,2021-08-21,day,,,,,,2026-08-26,McFamily
RELATIONSHIP-65179F0D-F8AF-4024-BF77-BACE8FB35B9C,partner,P916,P384,,,marriage,1472,2023-08-24,day,,,,,,2026-08-26,McFamily
